-- MySQL dump 10.13  Distrib 8.0.15, for macos10.14 (x86_64)
--
-- Host: localhost    Database: FindMyXorXor
-- ------------------------------------------------------
-- Server version	8.0.15

/*!40101 SET @OLD_CHARACTER_SET_CLIENT=@@CHARACTER_SET_CLIENT */;
/*!40101 SET @OLD_CHARACTER_SET_RESULTS=@@CHARACTER_SET_RESULTS */;
/*!40101 SET @OLD_COLLATION_CONNECTION=@@COLLATION_CONNECTION */;
 SET NAMES utf8 ;
/*!40103 SET @OLD_TIME_ZONE=@@TIME_ZONE */;
/*!40103 SET TIME_ZONE='+00:00' */;
/*!40014 SET @OLD_UNIQUE_CHECKS=@@UNIQUE_CHECKS, UNIQUE_CHECKS=0 */;
/*!40014 SET @OLD_FOREIGN_KEY_CHECKS=@@FOREIGN_KEY_CHECKS, FOREIGN_KEY_CHECKS=0 */;
/*!40101 SET @OLD_SQL_MODE=@@SQL_MODE, SQL_MODE='NO_AUTO_VALUE_ON_ZERO' */;
/*!40111 SET @OLD_SQL_NOTES=@@SQL_NOTES, SQL_NOTES=0 */;

--
-- Table structure for table `candidate`
--

DROP TABLE IF EXISTS `candidate`;
/*!40101 SET @saved_cs_client     = @@character_set_client */;
 SET character_set_client = utf8mb4 ;
CREATE TABLE `candidate` (
  `NameTitle` text,
  `CDFirstName` text,
  `CDLastName` text,
  `EduBackGround` text,
  `Career` text,
  `PartyName` text
) ENGINE=InnoDB DEFAULT CHARSET=utf8mb4 COLLATE=utf8mb4_0900_ai_ci;
/*!40101 SET character_set_client = @saved_cs_client */;

--
-- Dumping data for table `candidate`
--

LOCK TABLES `candidate` WRITE;
/*!40000 ALTER TABLE `candidate` DISABLE KEYS */;
INSERT INTO `candidate` VALUES ('นาย','พงศา','ชูแนม','สำเร็จการศึกษาปริญญาตรี สาขาการพัฒนาชุมชน สถาบันราชภัฎสุราษฎร์ธานี','ข้าราชการป่าไม้ หัวหน้าหน่วยอนุรักษ์และจัดการต้นน้ำ','กรีน'),('นาย','ชุมพล','ครุฑแก้ว','สำเร็จการศึกษาระดับปริญญาตรีจากคณะวิทยาศาสตร์ จุฬาลงกรณ์มหาวิทยาลัย','หัวหน้าพรรคกลาง','กลาง'),('นาย','ทรรศชล','พงษ์ภควัต','สำเร็จการศึกษาระดับปริญญาตรี บริหารธุรกิจบัณฑิต(การตลาด) คณะบริหารธุรกิจ สาขาวิชาการตลาด มหาวิทยาลัยรามคำแหง','ผู้จัดการ บริษัท WAY Nature & Herb จำกัด','กสิกรไทย'),('นาย','ธีระ','เจียบุญหยก','สำเร็จการศึกษานิติศาสตร์บัณฑิต มหาวิทยาลัยสุโขทัย','ประธานสภาพลเมืองปัตตานี','คนงานไทย'),('นาย','ธนพร','ศรียากูล','NULL','นายกสมาคมรัฐศาสตร์แห่งมหาวิทยาลัยเกษตรศาสตร์ ','คนธรรมดาแห่งประเทศไทย'),('นาย','ปรีดา','บุญเพลิง','NULL','ข้าราชการครู ตำแหน่งผู้ช่วยอาจารย์ใหญ่','ครูไทยเพื่อประชาชน'),('นาย','สายัณห์','อินทรภักดิ์','สำเร็จการศึกษาคณะนิติศาสตร์ มหาวิทยาลัยรามคำแหง','หัวหน้าพรรคคลองไทย','คลองไทย'),('นาย','ชิงชัย','มงคลธรรม','สำเร็จการศึกษาระดับปริญญาตรี สาขามนุษยศาสตร์ มหาวิทยาลัยมหาสารคาม','หัวหน้าพรรคความหวังใหม่','ความหวังใหม่'),('นางสาว','กัญจนา','ศิลปอาชา','สำเร็จการศึกษาระดับปริญญาตรี สถิติศาสตร์บัณฑิต (เกียรตินิยมอันดับ 1 เหรียญทอง) จุฬาลงกรณ์มหาวิทยาลัย','ที่ปรึกษารัฐมนตรีว่าการกระทรวงพัฒนาสังคมและความมั่นคงของมนุษย์','ชาติไทยพัฒนา'),('นาย','สุวัจน์','ลิปตพัลลภ','สำเร็จการศึกษาระดับปริญญาตรีจากคณะวิศวกรรมศาสตร์ มหาวิทยาลัยเกษตรศาสตร์','รัฐมนตรีว่าการกระทรวงยุติธรรม','ชาติพัฒนา'),('นาย','วรรณรัตน์','ชาญนุกูล','สำเร็จการศึกษาปริญญาแพทยศาสตร์บัณฑิต จุฬาลงกรณ์มหาวิทยาลัย','ที่ปรึกษาพรรคชาติพัฒนา','ชาติพัฒนา'),('นาย','เทวัญ','ลิปตพัลลภ','สำเร็จการศึกษาระดับปริญญาตรีนิติศาสตรบัณฑิต จุฬาลงกรณ์มหาวิทยาลัย','ประธานสโมสรนครราชสีมา เอฟซี สโมสรฟุตบอลนครราชสีมา','ชาติพัฒนา'),('นาย','โกวิทย์','จิรชนานนท์','NULL','ที่ปรึกษาคณะกรรมการบริษัท เอราวัณ ประกันภัย จำกัด (มหาชน) ','ชาติพันธุ์ไทย'),('นาย','พลศุภรักษ์','ศิริจันทรานนท์','สำเร็จการศึกษาจากสาขาวิชาการจัดการเทคโนโลยี มหาวิทยาลัยราชภัฏมหาสารคาม','นายกเทศมนตรีตำบลเวียงยอง','ชาติพันธุ์ไทย'),('นาย','ภราดล','พรอำนวย','สำเร็จการศึกษาจากคณะศึกษาศาสตร์ มหาวิทยาลัยเชียงใหม่','นักรณรงค์','ชาติพันธุ์ไทย'),('นาย','บวร','ยสินทร','สำเร็จการศึกษาปริญญาตรีวิศวกรรมศาสตรบัณฑิต จุฬาลงกรณ์มหาวิทยาลัย','ประธานเครือข่ายราษฎรอาสาปกป้อง 3 สภาบัน','ฐานรากไทย'),('ว่าที่ร้อยตรี','ญาณวุฒิ','พรหมเดชากุล','สำเร็จการศึกษาระดับปริญญาตรี (วท.บ. สาขากายภาพบำบัด) มหาวิทยาลัยศรีนครินทรวิโรฒ ','หัวหน้าพรรคฐานรากไทย','ฐานรากไทย'),('นาย','ราเชน','ตระกูลเวียง','สำเร็จการศึกษาจากคณะรัฐศาสตร์ มหาวิทยาลัยปทุมธานี','หัวหน้าพรรคทางเลือกใหม่','ทางเลือกใหม่'),('นาย','อโณทัย','ดวงดารา','NULL','หัวหน้าพรรคไทยธรรม','ไทยธรรม'),('นาย','ภูษิต','ภูปภัสศิริ','สำเร็จการศึกษาหลักสูตรบริหารธุรกิจมหาบัณฑิต มหาวิทยาลัยเวสเทิร์น','รองหัวหน้าพรรคไทยธรรม','ไทยธรรม'),('นาย','กิติกร','วิชัยเรืองธรรม','สำเร็จการศึกษาจากคณะแพทยศาสตร์ มหาวิทยาลัยจุฬาลงกรณ์','ประธานเจ้าหน้าที่บริหารบริษัท ศูนย์หัวใจโรงพยาบาลธนบุรี จำกัด','ไทยธรรม'),('นาย','มงคลกิตติ์','สุขสินธารานนท์','สำเร็จการศึกษาระดับปริญญาตรี ภาควิชาวิศวกรรรมไฟฟ้า คณะวิศวกรรมศาตร์ มหาวิทยาลัยเทคโนโลยีพระจอมเกล้าพระนครเหนือ ','หัวหน้าพรรคไทยศรีวิไลย์','ไทยศรีวิไลย์'),('นาย','ณัชพล','สุุพัฒนะ','สำเร็จการศึกษาระดับปริญญาตรีคณะบริหารธุรกิจ สาขาวิชาการโฆษณาและการประชาสัมพันธ์จากประเทศสหรัฐอเมริกา','เจ้าของเพจและเว็บไซด์ Pitbullzone','ไทยศรีวิไลย์'),('นางสาว','ภคอร','จันทรคณา','สำเร็จการศึกษาระดับปริญญาตรีสาขาวิชาภาษาอังกฤษ คณะมนุษยศาสตร์ มหาวิทยาลัยหอการค้าไทย','คณะกรรมการบริหารจัดการน้ำและอุทกภัย(กบอ.) สำนักนายกรัฐมนตรี','ไทยศรีวิไลย์'),('นาย','สุมิตร','สุนทรเวช','สำเร็จศึกษาระดับปริญญาตรีวิศวกรรมศาสตร์บัณฑิต จุฬาลงกรณ์มหาวิทยาลัย','หัวหน้าพรรคประชากรไทย','ประชากรไทย'),('นาย','คณิสร','สมมะลวน','NULL','เลขาธิการพรรคประชากรไทย','ประชากรไทย'),('นาย','วันมูหะมัดนอร์','มะทา','สำเร็จการศึกษาระดับปริญญาตรีครุศาสตรบัณฑิต จุฬาลงกรณ์มหาวิทยาลัย','หัวหน้าพรรคประชาชาติ','ประชาชาติ'),('พันตำรวจเอก','ทวี','สอดส่อง','สำเร็จการศึกษานักเรียนนายร้อยตำรวจรุ่น 37','เลขาธิการพรรคประชาชาติ','ประชาชาติ'),('นางสาว','ณหทัย','ทิวไผ่งาม','สำเร็จการศึกษาระดับปริญญาตรีคณะครุศาสตร์ จุฬาลงกรณ์มหาวิทยาลัย','ประธานที่ปรึกษาโรงเรียนทิวไผ่งาม ','ประชาชาติ'),('นาย','พิเชษฐ','สถิรชวาล','สำเร็จการศึกษาระดับปริญญาตรีจากแคลิฟอร์เนีย คอลเลจ ออฟ คอมเมอร์ซ','หัวหน้าพรรคประชาธรรมไทย','ประชาธรรมไทย'),('นาย','ชัยวุฑ','ตรึกตรอง','สำเร็จการศึกษาจากโรงเรียนวัดจันทาราม','ผู้บริหารสถาบันการศึกษารัชต์ภาคย์','ประชาธรรมไทย'),('นาย','สุรทิน','พิจารณ์','สำเร็จการศึกษาระดับปริญญาตรี','หัวหน้าพรรคประชาธิปไตยใหม่','ประชาธิปไตยใหม่'),('นาย','จุรินทร์','ลักษณวิศิษฎ์','สำเร็จปริญญาตรี รัฐศาสตร์บัณฑิต สาขาบริหารรัฐกิจ จากมหาวิทยาลัยธรรมศาสตร์','รักษาการหัวหน้าพรรคประชาธิปัตย์','ประชาธิปัตย์'),('พันตำรวจเอก','รวมนคร','ทับทิมธงไชย','สำเร็จการศึกษาจากโรงเรียนนายร้อยตำรวจ (รุ่น 42)','นักธุรกิจ','ประชานิยม'),('พลตำรวจเอก','ยงยุทธ','เทพจำนงค์','NULL','หัวหน้าพรรคประชานิยม','ประชานิยม'),('นาย','ปฐมฤกษ์','มณีเนตร','สำเร็จการศึกษามหาบัณฑิต (กศ.ม.)  สาขาวิชาการบริหารการศึกษา  มหาวิทยาลัยบูรพา','ผอ.สพป.นครราชสีมา เขต 1','ประชานิยม'),('นาย','สมเกียรติ','ศรลัมพ์','สำเร็จการศึกษาระดับปริญญาตรี คณะรัฐศาสตร์ มหาวิทยาลัยรามคำแหง','หัวหน้าพรรคประชาภิวัฒน์','ประชาภิวัฒน์'),('นางสาว','นันทนา','สงฆ์ประชา','สำเร็จการศึกษาระดับปริญญาตรี สาขาการเงินการธนาคาร UNIVERSITY OF THE EAST','เลขาธิการพรรคประชาภิวัฒน์','ประชาภิวัฒน์'),('ศาสตราจารย์','สุทธิพร','จิตต์มิตรภาพ','สำเร็จการศึกษาระดับปริญญาแพทยศาสตรบัณฑิต (เกียรตินิยม) คณะแพทยศาสตร์ จุฬาลงกรณ์มหาวิทยาลัย','กรรมการองค์กรระดับนานาชาติด้านการวิจัยหลายองค์กร','ประชาภิวัฒน์'),('ศาสตราจารย์พิเศษร้อยโท','บรรจบ','บรรณรุจิ','สำเร็จการศึกษาระดับปริญญาตรีวุฒิพุทธศาสตรบัณฑิต (พธ.บ.) มหาวิทยาลัยมหาจุฬาลงกรณราชวิทยาลัย','ศาสตราจารย์พิเศษ ภาควิชาภาษาตะวันออก จุฬาลงกรณ์มหาวิทยาลัย ','แผ่นดินธรรม'),('นาย','กรณ์','มีดี','NULL','เลขาธิการสมาพันธ์ชาวพุทธแห่งประเทศไทย','แผ่นดินธรรม'),('นาย','เอกพร','รักความสุข','สำเร็จการศึกษาระดับปริญญาตรีนิติศาสตร์บัณฑิต จากมหาวิทยาลัยธรรมศาสตร์','ประธานหลักสูตรปรัชญาดุษฎีบัณฑิต สาขารัฐประศาสนศาสตร์ มหาวิทยาลัยเวสเทิร์น','พลเมืองไทย'),('พลตรี','ทรงกลด','ทิพย์รัตน์','สำเร็จการศึกษาโรงเรียนเตรียมทหาร','หัวหน้าพรรคพลังชาติไทย','พลังชาติไทย'),('นาย','ชัชวาลล์','คงอุดม','สำเร็จการศึกษาระดับมัธยมโรงเรียนช่างอากาศบำรุง','นักธุุรกิจ','พลังท้องถิ่นไท'),('ศาสตราจารย์','โกวิทย์','พวงงาม','สำเร็จการศึกษาจากคณะศึกษาศาสตร์ (ศษ.บ.) มหาวิทยาลัยศิลปากร','กรรมการพิจารณารางวัลพระปกเกล้าด้านการปกครองท้องถิ่นที่มีความเป็นเลิศ ด้านการมีส่วนร่วมและความโปร่งใส','พลังท้องถิ่นไท'),('นาย','สาธุ','อนุโมทามิ','NULL','หัวหน้าพรรคพลังไทยดี','พลังไทยดี'),('พลเอก','ธรรมรักษ์','อิศรางกูร ณ อยุธยา','สำเร็จการศึกษาจากโรงเรียนนายร้อยพระจุลจอมเกล้า รุ่น 10 ','สมาชิกพรรคพลังไทยรักไทย','พลังไทยรักไทย'),('นาย','คฑาเทพ','เตชะเดชเรืองกุล','NULL','หัวหน้าพรรคพลังไทยรักไทย','พลังไทยรักไทย'),('นาย','พูนพิพัฒน์','นิลรังสี','สำเร็จการศึกษาจากสถาบันพระปกเกล้า','นักธุรกิจ ','พลังประชาธิปไตย'),('พลเอก','ประยุทธ์','จันทร์โอชา','สำเร็จการศึกษาโรงเรียนเตรียมทหาร รุ่นที่ 12 (ตท.12) ','นายกรัฐมนตรีคนปัจจุบัน','พลังประชารัฐ'),('นาย','วิฑูรย์','ชลายนนาวิน','NULL','หัวหน้าพรรคพลังสังคม','พลังสังคม'),('นาย','ศิลปิน','หาญผดุงธรรมะ','สำเร็จการศึกษาระดับปริญญาตรีวิศวกรรมศาสตรบัณฑิต สาขาวิศวกรรมไฟฟ้า (เกียรตินิยม)  จุฬาลงกรณ์มหาวิทยาลัย','คณะกรรมการการวางแผนและพัฒนาบุคลากรทางด้านการบิน สถาบันการบินพลเรือนแห่งประเทศไทย','พัฒนาประเทศไทย'),('นาย','วิทยา','อินาลา','สำเร็จการศึกษาระดับปริญญาตรีการศึกษาบัณฑิต การสอนเคมี ม.ศรีนครินทรวิโรฒ มหาสารคาม','หัวหน้าพรรคเพื่อคนไทย','เพื่อคนไทย'),('นาย','กฤติวัฒน์','กลางชัย','สำเร็จการศึกษาจากโรงเรียนสาธิตมหาวิทยาลัยราชภัฏอุตรดิตถ์','นายกสมาคมสมาพันธ์ข่าวอาสา แห่งประเทศไทย','เพื่อชีวิตใหม่'),('คุณหญิง','สุดารัตน์','เกยุราพันธุ์','สำเร็จการศึกษาระดับปริญญาตรี ด้านการตลาด คณะพาณิชยศาสตร์และการบัญชี จุฬาลงกรณ์มหาวิทยาลัย','ประธานยุทธศาสตร์การเลือกตั้งของพรรคเพื่อไทย','เพื่อไทย'),('นาย','ชัชชาติ','สิทธิพันธุ์','สำเร็จการศึกษาระดับปริญญาตรีวิศวกรรมศาสตรบัณฑิต สาขาวิศวกรรมโยธา (เกียรตินิยมอันดับ 1) จุฬาลงกรณ์มหาวิทยาลัย','ประธานคณะกรรมการบริหารความเสี่ยง บมจ. แลนด์ แอนด์ เฮ้าส์','เพื่อไทย'),('นาย','ชัยเกษม','นิติสิริ','สำเร็จการศึกษาระดับปริญญาตรีแผนกนิติศาสตร์ คณะรัฐศาสตร์ (เกียรตินิยมอันดับ 2) จุฬาลงกรณ์มหาวิทยาลัย','สมาชิกพรรคเพื่อไทย','เพื่อไทย'),('นาง','นลินี','ทวีสิน','สำเร็จการศึกษาระดับปริญญาตรี สาขาเศรษฐศาสตร์ วิทยาลัยเซนต์แมรี ','หัวหน้าพรรคเพื่อธรรม','เพื่อธรรม'),('หม่อมราชวงศ์','ดำรงดิศ','ดิศกุล','สำเร็จการศึกษาระดับปริญญาตรี สาขาคณิตศาสตร์ วิทยาลัยเซนต์วินเซ็น','หัวหน้าพรรคภราดรภาพ','ภราดรภาพ'),('นางสาว','กฤษอนงค์','สุวรรณวงศ์','สำเร็จการศึกษาระดับปริญญาตรีด้านสื่อสารมวลชน มหาวิทยาลัยรามคำแหง','หัวหน้าพรรคภาคีเครือข่ายไทย','ภาคีเครือข่ายไทย'),('นาย','อนุทิน','ชาญวีรกุล','สำเร็จการศึกษาด้านวิศวกรรมศาสตร์ มหาวิทยาลัย Hoftra ประเทศสหรัฐอเมริกา','หัวหน้าพรรคภูมิใจไทย','ภูมิใจไทย'),('นาย','อภิรัต','ศิรินาวิน','สำเร็จการศึกษาปริญญาตรีระดับปริญญาตรีสาขาวิทยาการคอมพิวเตอร์ มหาวิทยาลัยหอการค้าไทย','หัวหน้าพรรคมหาชน','มหาชน'),('นาย','พาลินี','งามพริ้ง','สำเร็จการศึกษาระดับปริญญาตรีคณะนิเทศศาสตร์ มหาวิทยาลัยกรุงเทพ','ประธานยุทธศาสตร์ พรรคมหาชน','มหาชน'),('นาย','สุปกิจ','คชเสนี','NULL','สมาชิกพรรคมหาชน','มหาชน'),('นาย','มิ่งขวัญ','แสงสุวรรณ์','สำเร็จการศึกษาปริญญาตรี นิติศาสตรบัณฑิต จุฬาลงกรณ์มหาวิทยาลัย','หัวหน้าพรรคเศรษฐกิจใหม่','เศรษฐกิจใกม่'),('นาย','เอนก','พันธุรัตน์','สำเร็จการศึกษาปริญญาตรี มหาวิทยาลัยปทุมธานี','ผู้อำนวยการสถานีเอนกเรดิโอ','สยามพัฒนา'),('นาย','สมศักดิ์','โกศัยสุข','สำเร็จการศึกษาระดับปริญญาตรี นิติศาสตร์บัณฑิต มหาวิทยาลัยสุโขทัยธรรมาธิราช','หัวหน้าพรรคพรรคสังคมประชาธิปไตยไทย','สังคมประชาธิปไตยไทย'),('พลตำรวจเอก','เสรีพิศุทธ์','เตมียเวส','สำเร็จการศึกษาจากโรงเรียนเตรียมทหาร รุ่นที่ 8 (ตท.8)','หัวหน้าพรรคเสรีรวมไทย','เสรีรวมไทย'),('นาย','ธนาธร','จึงรุ่งเรืองกิจ','สำเร็จการศึกษาระดับปริญญาตรี ภาควิชาวิศวกรรมเครื่องกล คณะวิศวกรรมศาสตร์ มหาวิทยาลัยธรรมศาสตร์ ','หัวหน้าพรรคอนาคตใหม่','อนาคตใหม่');
/*!40000 ALTER TABLE `candidate` ENABLE KEYS */;
UNLOCK TABLES;

--
-- Table structure for table `district`
--

DROP TABLE IF EXISTS `district`;
/*!40101 SET @saved_cs_client     = @@character_set_client */;
 SET character_set_client = utf8mb4 ;
CREATE TABLE `district` (
  `DistrictName` text,
  `DistrictOfficeName` text,
  `DistrictOfficeAdd` text,
  `ZipCode` int(11) DEFAULT NULL
) ENGINE=InnoDB DEFAULT CHARSET=utf8mb4 COLLATE=utf8mb4_0900_ai_ci;
/*!40101 SET character_set_client = @saved_cs_client */;

--
-- Dumping data for table `district`
--

LOCK TABLES `district` WRITE;
/*!40000 ALTER TABLE `district` DISABLE KEYS */;
INSERT INTO `district` VALUES ('พระนคร','สำนักงานเขตพระนคร','เลขที่ 78 ซอยสามเสน 3 แขวงวัดสามพระยา เขตพระนคร กรุงเทพมหานคร 10200',10200),('ดุสิต','สำนักงานเขตดุสิต','เลขที่ 317 ถนนสุโขทัย แขวงดุสิต เขตดุสิต กรุงเทพมหานคร 10300',10300),('หนองจอก','สำนักงานเขตหนองจอก','เลขที่ 16 ถนนเชื่อมสัมพันธ์ แขวงกระทุ่มราย เขตหนองจอก กรุงเทพมหานคร 10530',10530),('บางรัก','สำนักงานเขตบางรัก','เลขที่ 5 ถนนนเรศ แขวงสี่พระยา เขตบางรัก กรุงเทพมหานคร 10500',10500),('บางเขน','สำนักงานเขตบางเขน','เลขที่ 14 หมู่ที่ 3 ถนนพหลโยธิน แขวงอนุสาวรีย์ เขตบางเขน กรุงเทพมหานคร 10220',10220),('บางกะปิ','สำนักงานเขตบางกะปิ','เลขที่ 189 ถนนลาดพร้าว แขวงคลองจั่น เขตบางกะปิ กรุงเทพมหานคร 10240',10240),('ปทุมวัน','สำนักงานเขตปทุมวัน','เลขที่ 12/1-4 อาคารไทยยานยนตร์ ซอยรองเมือง 5 ถนนจรัสเมือง แขวงรองเมือง เขตปทุมวัน กรุงเทพมหานคร 10330',10330),('ป้อมปราบศัตรูพ่าย','สำนักงานเขตป้อมปราบศัตรูพ่าย','เลขที่ 50 ถนนศุภมิตร แขวงวัดโสมนัส เขตป้อมปราบศัตรูพ่าย กรุงเทพมหานคร 10100',10100),('พระโขนง','สำนักงานเขตพระโขนง','เลขที่ 1792 ถนนสุขุมวิท แขวงพระโขนงใต้ เขตพระโขนง กรุงเทพมหานคร 10260',10260),('มีนบุรี','สำนักงานเขตมีนบุรี','เลขที่ 333 ถนนสีหบุรานุกิจ แขวงมีนบุรี เขตมีนบุรี กรุงเทพมหานคร 10510',10510),('ลาดกระบัง','สำนักงานเขตลาดกระบัง','เลขที่ 1471/1 ถ.ลาดกระบัง แขวงลาดกระบัง เขตลาดกระบัง กรุงเทพมหานคร 10520',10520),('ยานนาวา','สำนักงานเขตยานนาวา','เลขที่ 209/1 ถ.นราธิวาสราชนครินทร์ 28 แขวงช่องนนทรี เขตยานนาวา กรุงเทพมหานคร 10120',10120),('สัมพันธวงศ์','สำนักงานเขตสัมพันธวงศ์','เลขที่ 37 ถนนโยธา แขวงตลาดน้อย เขตสัมพันธวงศ์ กรุงเทพมหานคร 10100',10100),('พญาไท','สำนักงานเขตพญาไท','เลขที่ 13 ซอยอารีย์ 2 ถนนพหลโยธิน แขวงพญาไท เขตพญาไท กรุงเทพมหานคร 10400',10400),('ธนบุรี','สำนักงานเขตธนบุรี','เลขที่ 160 ถนนเทอดไท แขวงบางยี่เรือ เขตธนบุรี กรุงเทพมหานคร 10600',10600),('บางกอกใหญ่','สำนักงานเขตบางกอกใหญ่','เลขที่ 1 ถนนรัชดาภิเษก แขวงวัดท่าพระ เขตบางกอกใหญ่ กรุงเทพมหานคร 10600',10600),('ห้วยขวาง','สำนักงานเขตห้วยขวาง','เลขที่ 2 ถนนประชาอุทิศ แขวงห้วยขวาง เขตห้วยขวาง กรุงเทพมหานคร 10310',10310),('คลองสาน','สำนักงานเขตคลองสาน','เลขที่ 861 ถนนลาดหญ้า แขวงคลองสาน เขตคลองสาน กรุงเทพมหานคร 10600',10600),('ตลิ่งชัน','สำนักงานเขตตลิ่งชัน','เลขที่ 333 ถนนชักพระ แขวงคลองชักพระ เขตตลิ่งชัน กรุงเทพมหานคร 10170',10170),('บางกอกน้อย','สำนักงานเขตบางกอกน้อย','เลขที่ 9/99 ถนนบางขุนนนท์ แขวงบางขุนนนท์ เขตบางกอกน้อย กรุงเทพมหานคร 10700',10700),('บางขุนเทียน','สำนักงานเขตบางขุนเทียน','เลขที่ 164 ถนนพระรามที่ 2 แขวงแสมดำ เขตบางขุนเทียน กรุงเทพมหานคร 10150',10150),('ภาษีเจริญ','สำนักงานเขตภาษีเจริญ','เลขที่ 46 ซอยเพชรเกษม 54 แขวงบางหว้า เขตภาษีเจริญ กรุงเทพมหานคร 10160',10160),('หนองแขม','สำนักงานเขตหนองแขม','เลขที่ 555 ถ.เพชรเกษม แขวงหนองค้างพลู เขตหนองแขม กรุงเทพมหานคร 10160',10160),('ราษฎร์บูรณะ','สำนักงานเขตราษฎร์บูรณะ','เลขที่ 1 ถ.ราษฎร์บูรณะ แขวงราษฎร์บูรณะ เขตราษฎร์บูรณะ กรุงเทพมหานคร 10140',10140),('บางพลัด','สำนักงานเขตบางพลัด','เลขที่ 39 ถนนจรัญสนิทวงศ์ แขวงบางอ้อ เขตบางพลัด กรุงเทพมหานคร 10700',10700),('ดินแดง','สำนักงานเขตดินแดง','เลขที่ 99 ถนนมิตรไมตรี แขวงดินแดง เขตดินแดง กรุงเทพมหานคร 10400',10400),('บึงกุ่ม','สำนักงานเขตบึงกุ่ม','เลขที่ 999 ถนนเสรีไทย ซอยเสรีไทย 43 แขวงคลองกุ่ม เขตบึงกุ่ม กรุงเทพมหานคร 10240',10240),('สาทร','สำนักงานเขตสาทร','เลขที่ 59 ซอยจันทน์ 18/7 (ซอยเซนต์หลุยส์ 3) แขวงทุ่งวัดดอน เขตสาทร กรุงเทพมหานคร 10120',10120),('บางซื่อ','สำนักงานเขตบางซื่อ','เลขที่ 99 ซอยกานต์ประภา ถนนริมคลองประปา แขวงบางซื่อ เขตบางซื่อ กรุงเทพมหานคร 10800',10800),('จตุจักร','สำนักงานเขตจตุจักร','เลขที่ 5 ซอยวิภาวดีรังสิต 34 ถนนวิภาวดีรังสิต แขวงจตุจักร เขตจตุจักร กรุงเทพมหานคร 10900',10900),('บางคอแหลม','สำนักงานเขตบางคอแหลม','เลขที่ 193 ถนนพระรามที่ 3 ซอย 7 แขวงบางคอแหลม เขตบางคอแหลม กรุงเทพมหานคร 10120',10120),('ประเวศ','สำนักงานเขตประเวศ','เลขที่ 33 ถนนเฉลิมพระเกียรติ ร.9 ซอย 81 ถ.เฉลิมพระเกียรติ แขวง/เขตประเวศ กรุงเทพมหานคร 10250',10250),('คลองเตย','สำนักงานเขตคลองเตย','เลขที่ 599 สามแยกกล้วยน้ำไท แขวงคลองเตย เขตคลองเตย กรุงเทพมหานคร 10110',10100),('สวนหลวง','สำนักงานเขตสวนหลวง','เลขที่ 2998 ถนนพัฒนาการ แขวงสวนหลวง เขตสวนหลวง กรุงเทพมหานคร 10250',10250),('จอมทอง','สำนักงานเขตจอมทอง','เลขที่ 38 ซอยพระรามที่ 2 ซอย 3 แขวงบางมด เขตจอมทอง กรุงเทพมหานคร 10150',10150),('ดอนเมือง','สำนักงานเขตดอนเมือง','เลขที่ 999 ถ.เชชดววุฒากาศ แขวงดอนเมมอง เขตดอนเมมอง กรวุงเทพมหานคร 10210',10210),('ราชเทวี','สำนักงานเขตราชเทวี','เลขที่ 10 ถ.พญาไท แขวงทุ่งพญาไท เขตราชเทวี กรุงเทพมหานคร 10400',10400),('ลาดพร้าว','สำนักงานเขตลาดพร้าว','เลขที่ 208 ถนนนาคนิวาส แขวงลาดพร้าว เขตลาดพร้าว กรุงเทพมหานคร 10230',10230),('วัฒนา','สำนักงานเขตวัฒนา','เลขที่ 1000/29-34 อาคารลิเบอร์ตี้พลาซ่า ชั้น 6-8 ซอยสุขุมวิท 55 (ทองหล่อ) ถนนสุขุมวิท แขวงคลองตันเหนือ เขตวัฒนา กรุงเทพมหานคร 10110',10110),('บางแค','สำนักงานเขตบางแค','เลขที่ 1 ถนนกาญจนาภิเษก 0010 แยก 2 แขวงบางแค เขตบางแค  กรุงเทพมหานคร 10160 ',10160),('หลักสี่','สำนักงานเขตหลักสี่','เลขที่ 999 ซอยแจ้งวัฒนะ 10 ถนนแจ้งวัฒนะ แขวงทุ่งสองห้อง เขตหลักสี่ กรุงเทพมหานคร 10210',10210),('สายไหม','สำนักงานเขตสายไหม','เลขที่ 222 ถ.สุขาภิบาล5 แขวงออเงิน เขตสายไหม กรุงเทพมหานคร 10220',10220),('คันนายาว','สำนักงานเขตคันนายาว','เลขที่ 9 ซอย 01 กาญจนาภิเษก 11/5 ถนนกาญจนาภิเษก แขวงคันนายาว เขตคันนายาว กรุงเทพมหานคร 10230',10230),('สะพานสูง','สำนักงานเขตสะพานสูง','เลขที่ 5 ซอยรามคำแหง 118 ถนนรามคำแหง แขวงสะพานสูง เขตสะพานสูง กรุงเทพมหานคร 10240',10240),('วังทองหลาง','สำนักงานเขตวังทองหลาง','อาคารบี สิริอุส พลาซ่า 2553 ซอยลาดพร้าว 85-87 ถนนลาดพร้าว แขวงคลองเจ้าคุณสิงห์ เขตวังทองหลาง กรุงเทพมหานคร 10310',10310),('คลองสามวา','สำนักงานเขตคลองสามวา','เลขที่ 111 ถนนเลียบคลองสอง แขวงบางชัน เขตคลองสามวา กรุงเทพมหานคร 10510',10510),('บางนา','สำนักงานเขตบางนา','เลขที่ 888 ถนนสรรพาวุธ แขวงบางนา เขตบางนา กรุงเทพมหานคร 10260',10260),('ทวีวัฒนา','สำนักงานเขตทวีวัฒนา','เลขที่ 1 ถนนอุทยาน ซอย 5 แขวงทวีวัฒนา เขตทวีวัฒนา กรุงเทพมหานคร 10170',10170),('ทุ่งครุ','สำนักงานเขตทุ่งครุ','เลขที่ 2 ซอยประชาอุทิศ 86 (พึ่งสายบำเพ็ญ) ถนนประชาอุทิศ แขวงทุ่งครุเขตทุ่งครุ เขตทุ่งครุ กรุงเทพมหานคร 10140',10140),('บางบอน','สำนักงานเขตบางบอน','เลขที่ 1 ซอยเอกชัย 135/1 แขวงบางบอน เขตบางบอน กรุงเทพมหานคร 10150',10150);
/*!40000 ALTER TABLE `district` ENABLE KEYS */;
UNLOCK TABLES;

--
-- Table structure for table `districtofficetelephonenumber`
--

DROP TABLE IF EXISTS `districtofficetelephonenumber`;
/*!40101 SET @saved_cs_client     = @@character_set_client */;
 SET character_set_client = utf8mb4 ;
CREATE TABLE `districtofficetelephonenumber` (
  `DistrictName` text,
  `DistrictOfficeTL` text
) ENGINE=InnoDB DEFAULT CHARSET=utf8mb4 COLLATE=utf8mb4_0900_ai_ci;
/*!40101 SET character_set_client = @saved_cs_client */;

--
-- Dumping data for table `districtofficetelephonenumber`
--

LOCK TABLES `districtofficetelephonenumber` WRITE;
/*!40000 ALTER TABLE `districtofficetelephonenumber` DISABLE KEYS */;
INSERT INTO `districtofficetelephonenumber` VALUES ('พระนคร','02 281 8125'),('พระนคร','02 281 5370'),('ดุสิต','02 243 5311'),('หนองจอก','02 543 1143'),('หนองจอก','02 543 2373'),('บางรัก','02 236 1395'),('บางเขน','02 521 0666'),('บางเขน','0 521 0057'),('บางเขน','02 521 0162'),('บางกะปิ','02 377 5494'),('ปทุมวัน','02 215 9167'),('ปทุมวัน','02 214 3004'),('ป้อมปราบศัตรูพ่าย','02 281 0281'),('ป้อมปราบศัตรูพ่าย','02 282 4902'),('พระโขนง','02 311 2510'),('มีนบุรี','02 540 7160'),('มีนบุรี','02 540 7156'),('ลาดกระบัง','02 326 9149'),('ยานนาวา','02 294 2393'),('ยานนาวา','02 294 4422'),('สัมพันธวงศ์','02 237 3345'),('พญาไท','02 279 4140'),('พญาไท','02 279 3055'),('พญาไท','02 279 6682'),('ธนบุรี','02 465 0025'),('บางกอกใหญ่','02 457 0069'),('ห้วยขวาง','02 277 1981'),('ห้วยขวาง','02 277 9100'),('คลองสาน','02 437 5279'),('คลองสาน','02 437 2309'),('คลองสาน','02 437 7068'),('ตลิ่งชัน','02 424 1415'),('บางกอกน้อย','02 424 0056'),('บางขุนเทียน','02 416 0034'),('บางขุนเทียน','02 415 0156'),('ภาษีเจริญ','02 413 0412'),('ภาษีเจริญ','02 413 0975'),('ภาษีเจริญ','02 413 0568'),('หนองแขม','02 421 0939'),('ราษฎร์บูรณะ','02 428 4884'),('ราษฎร์บูรณะ','02 428 4747'),('บางพลัด','02 424 3777'),('ดินแดง','02 245 2658'),('บึงกุ่ม','02 364 7000'),('สาทร','02 212 8112'),('บางซื่อ','02 586 9977'),('จตุจักร','02 513 3444'),('บางคอแหลม','02 291 3800'),('บางคอแหลม','02 291 0281'),('บางคอแหลม','02 291 2547'),('ประเวศ','02 328 7149'),('คลองเตย','02 240 2121'),('คลองเตย','02 249 0071'),('คลองเตย','02 249 9708'),('สวนหลวง','02 322 6688'),('สวนหลวง','02 322 6647'),('สวนหลวง','02 322 7293'),('จอมทอง','02 427 1171'),('จอมทอง','02 427 4892'),('ดอนเมือง','02 565 9424'),('ราชเทวี','02 354 4201'),('ลาดพร้าว','02 530 6641'),('วัฒนา','02 391 0317'),('วัฒนา','02 391 1436'),('วัฒนา','02 391 4696'),('บางแค','02 867 1805'),('บางแค','02 867 1637'),('บางแค','02 867 1631'),('หลักสี่','02 982 2081'),('สายไหม','02 158 7349'),('คันนายาว','02 379 9961'),('สะพานสูง','02 372 2918'),('วังทองหลาง','02 530 1740'),('วังทองหลาง','02 538 5350'),('คลองสามวา','02 548 0327'),('คลองสามวา','02 548 0326'),('บางนา','02 173 5253'),('ทวีวัฒนา','02 441 4973'),('ทุ่งครุ','02 464 4380'),('บางบอน','02 450 3201');
/*!40000 ALTER TABLE `districtofficetelephonenumber` ENABLE KEYS */;
UNLOCK TABLES;

--
-- Table structure for table `elecplace`
--

DROP TABLE IF EXISTS `elecplace`;
/*!40101 SET @saved_cs_client     = @@character_set_client */;
 SET character_set_client = utf8mb4 ;
CREATE TABLE `elecplace` (
  `SubDisName` text,
  `ElecPlaceName` text
) ENGINE=InnoDB DEFAULT CHARSET=utf8mb4 COLLATE=utf8mb4_0900_ai_ci;
/*!40101 SET character_set_client = @saved_cs_client */;

--
-- Dumping data for table `elecplace`
--

LOCK TABLES `elecplace` WRITE;
/*!40000 ALTER TABLE `elecplace` DISABLE KEYS */;
INSERT INTO `elecplace` VALUES ('พระบรมมหาราชวัง','บริเวณที่จอดรถของสำนักงานเขตพระนคร'),('วังบูรพาภิรมย์','บริเวณที่จอดรถของสำนักงานเขตพระนคร'),('วัดราชบพิธ','บริเวณที่จอดรถของสำนักงานเขตพระนคร'),('สำราญราษฎร์','บริเวณที่จอดรถของสำนักงานเขตพระนคร'),('ศาลเจ้าพ่อเสือ','บริเวณที่จอดรถของสำนักงานเขตพระนคร'),('เสาชิงช้า','บริเวณที่จอดรถของสำนักงานเขตพระนคร'),('บวรนิเวศ','บริเวณที่จอดรถของสำนักงานเขตพระนคร'),('ตลาดยอด','บริเวณที่จอดรถของสำนักงานเขตพระนคร'),('ชนะสงคราม','บริเวณที่จอดรถของสำนักงานเขตพระนคร'),('บ้านพานถม','บริเวณที่จอดรถของสำนักงานเขตพระนคร'),('บางขุนพรหม','บริเวณที่จอดรถของสำนักงานเขตพระนคร'),('วัดสามพระยา','บริเวณที่จอดรถของสำนักงานเขตพระนคร'),('ป้อมปราบ','บริเวณสำนักงานเขตป้อมปราบศัตรูพ่าย'),('วัดเทพศิรินทร์','บริเวณสำนักงานเขตป้อมปราบศัตรูพ่าย'),('คลองมหานาค','บริเวณสำนักงานเขตป้อมปราบศัตรูพ่าย'),('บ้านบาตร','บริเวณสำนักงานเขตป้อมปราบศัตรูพ่าย'),('วัดโสมนัส','บริเวณสำนักงานเขตป้อมปราบศัตรูพ่าย'),('จักรวรรดิ','บริเวณที่จอดรถของสำนักงานเขตสัมพันธวงศ์'),('สัมพันธวงศ์','บริเวณที่จอดรถของสำนักงานเขตสัมพันธวงศ์'),('ตลาดน้อย','บริเวณที่จอดรถของสำนักงานเขตสัมพันธวงศ์'),('ดุสิต','โรงเรียนสุโขทัย เขตดุสิต'),('วชิรพยาบาล','โรงเรียนสุโขทัย เขตดุสิต'),('สวนจิตรลดา','โรงเรียนสุโขทัย เขตดุสิต'),('สี่แยกมหานาค','โรงเรียนสุโขทัย เขตดุสิต'),('รองเมือง','โรงเรียนวัดชัยมงคล'),('วังใหม่','โรงเรียนวัดชัยมงคล'),('ปทุมวัน','โรงเรียนวัดชัยมงคล'),('ลุมพินี','โรงเรียนวัดชัยมงคล'),('มหาพฤฒาราม','ลานจอดรถด้านหลังสำนักงานเขตบางรัก'),('สีลม','ลานจอดรถด้านหลังสำนักงานเขตบางรัก'),('สุริยวงศ์','ลานจอดรถด้านหลังสำนักงานเขตบางรัก'),('บางรัก','ลานจอดรถด้านหลังสำนักงานเขตบางรัก'),('สี่พระยา','ลานจอดรถด้านหลังสำนักงานเขตบางรัก'),('ทุ่งวัดดอน','บริเวณสำนักงานเขตสาธร'),('ยานนาวา','บริเวณสำนักงานเขตสาธร'),('ทุ่งมหาเมฆ','บริเวณสำนักงานเขตสาธร'),('บางคอแหลม','ใต้อาคารสงเคราะห์ข้าราชการและลูกจ้างประจำของกรุงเทพมหานคร'),('วัดพระยาไกร','ใต้อาคารสงเคราะห์ข้าราชการและลูกจ้างประจำของกรุงเทพมหานคร'),('บางโคล่','ใต้อาคารสงเคราะห์ข้าราชการและลูกจ้างประจำของกรุงเทพมหานคร'),('ช่องนนทรี','บริเวณสำนักงานเขตยานนาวา'),('บางโพงพาง','บริเวณสำนักงานเขตยานนาวา'),('คลองเตย','บริเวณสำนักงานเขตคลองเตย'),('คลองตัน','บริเวณสำนักงานเขตคลองเตย'),('พระโขนง','บริเวณสำนักงานเขตคลองเตย'),('คลองเตยเหนือ','โรงเรียนวัดธาตุทองและบริเวณลานจอดรถวัดธาตุทอง'),('คลองตันเหนือ','โรงเรียนวัดธาตุทองและบริเวณลานจอดรถวัดธาตุทอง'),('พระโขนงเหนือ','โรงเรียนวัดธาตุทองและบริเวณลานจอดรถวัดธาตุทอง'),('ห้วยขวาง','บริเวณสำนักงานเขตห้วยขวาง'),('บางกะปิ','บริเวณสำนักงานเขตห้วยขวาง'),('สามเสนนอก','บริเวณสำนักงานเขตห้วยขวาง'),('ดินแดง','ศูนย์เยาวชนกรุงเทพมหานคร (ไทย-ญี่ปุ่น ดินแดง)'),('รัชดาภิเษก','ศูนย์เยาวชนกรุงเทพมหานคร (ไทย-ญี่ปุ่น ดินแดง)'),('ทุ่งพญาไท','บริเวณลานจอดรถอาคารสำนักงานเขตราชเทวี'),('ถนนพญาไท','บริเวณลานจอดรถอาคารสำนักงานเขตราชเทวี'),('ถนนเพชรบุรี','บริเวณลานจอดรถอาคารสำนักงานเขตราชเทวี'),('มักกะสัน','บริเวณลานจอดรถอาคารสำนักงานเขตราชเทวี'),('สามเสนใน','อาคารลานเอนกประสงค์กรมประชาสัมพันธ์ถนนพระรามหก'),('พญาไท','อาคารลานเอนกประสงค์กรมประชาสัมพันธ์ถนนพระรามหก'),('ลาดยาว','ลานโครงการบ๊อกซ์สเปส ด้านหลังสำนักงานเขตจตุจักร'),('เสนานิคม','ลานโครงการบ๊อกซ์สเปส ด้านหลังสำนักงานเขตจตุจักร'),('จันทรเกษม','ลานโครงการบ๊อกซ์สเปส ด้านหลังสำนักงานเขตจตุจักร'),('จอมพล','ลานโครงการบ๊อกซ์สเปส ด้านหลังสำนักงานเขตจตุจักร'),('จตุจักร','ลานโครงการบ๊อกซ์สเปส ด้านหลังสำนักงานเขตจตุจักร'),('ถนนนครไชยศรี','โรงเรียนสุโขทัย เขตดุสิต'),('บางซื่อ','บริเวณสำนักงานเขตบางซื่อ'),('วงศ์สว่าง','บริเวณสำนักงานเขตบางซื่อ'),('ลาดพร้าว','บริเวณสำนักงานเขตลาดพร้าว'),('จรเข้บัว','บริเวณสำนักงานเขตลาดพร้าว'),('วังทองหลาง','บริเวณสำนักงานเขตวังทองหลาง'),('สะพานสอง','บริเวณสำนักงานเขตวังทองหลาง'),('คลองเจ้าคุณสิงห์','บริเวณสำนักงานเขตวังทองหลาง'),('ทุ่งสองห้อง','บริเวณสำนักงานเขตหลักสี่'),('ตลาดบางเขน','บริเวณสำนักงานเขตหลักสี่'),('ลาดยาว','ลานโครงการบ๊อกซ์สเปส ด้านหลังสำนักงานเขตจตุจักร'),('เสนานิคม','ลานโครงการบ๊อกซ์สเปส ด้านหลังสำนักงานเขตจตุจักร'),('จันทรเกษม','ลานโครงการบ๊อกซ์สเปส ด้านหลังสำนักงานเขตจตุจักร'),('สีกัน','เต๊นท์บริเวณลานจอดรถยนต์สำนักงานเขตดอนเมือง ถนนเชิดวุฒากาศ'),('ดอนเมือง','เต๊นท์บริเวณลานจอดรถยนต์สำนักงานเขตดอนเมือง ถนนเชิดวุฒากาศ'),('สนามบิน','เต๊นท์บริเวณลานจอดรถยนต์สำนักงานเขตดอนเมือง ถนนเชิดวุฒากาศ'),('สายไหม','เต๊นท์บริเวณลานจอดรถสำนักงานเขตสายไหม'),('ออเงิน','เต๊นท์บริเวณลานจอดรถสำนักงานเขตสายไหม'),('คลองถนน','เต๊นท์บริเวณลานจอดรถสำนักงานเขตสายไหม'),('อนุสาวรีย์','บริเวณสถานที่จอดรถ สำนักงานเขตบางเขน'),('ท่าแร้ง','บริเวณสถานที่จอดรถ สำนักงานเขตบางเขน'),('พลับพลา','บริเวณสำนักงานเขตวังทองหลาง'),('คลองจั่น','บริเวณโรงเรียนมัธยมบ้านบางกะปิและโรงเรียนบ้านบางกะปิ'),('หัวหมาก','บริเวณโรงเรียนมัธยมบ้านบางกะปิและโรงเรียนบ้านบางกะปิ'),('คลองกุ่ม','บริเวณลานจอดรถ สำนักงานเขตบึงกุ่ม'),('นวมินทร์','บริเวณลานจอดรถ สำนักงานเขตบึงกุ่ม'),('นวลจันทร์','บริเวณลานจอดรถ สำนักงานเขตบึงกุ่ม'),('รามอินทรา','เต็นท์สำนักงานเขตคันนายาว'),('คันนายาว','เต็นท์สำนักงานเขตคันนายาว'),('มีนบุรี','เต็นท์บริเวณลานจอดรถห้างไทวัสดุถนนรามคำแหง'),('แสนแสบ','เต็นท์บริเวณลานจอดรถห้างไทวัสดุถนนรามคำแหง'),('สามวาตะวันตก','บริเวณลานจอดรถ สำนักงานเขตคลองสามวา'),('สามวาตะวันออก','บริเวณลานจอดรถ สำนักงานเขตคลองสามวา'),('บางชัน','บริเวณลานจอดรถ สำนักงานเขตคลองสามวา'),('ทรายกองดิน','บริเวณลานจอดรถ สำนักงานเขตคลองสามวา'),('ทรายกองดินใต้','บริเวณลานจอดรถ สำนักงานเขตคลองสามวา'),('กระทุ่มราย','บริเวณลานจอดรถ สำนักงานเขตหนองจอก'),('หนองจอก','บริเวณลานจอดรถ สำนักงานเขตหนองจอก'),('คลองสิบ','บริเวณลานจอดรถ สำนักงานเขตหนองจอก'),('คลองสิบสอง','บริเวณลานจอดรถ สำนักงานเขตหนองจอก'),('โคกแฝด','บริเวณลานจอดรถ สำนักงานเขตหนองจอก'),('คู้ฝั่งเหนือ','บริเวณลานจอดรถ สำนักงานเขตหนองจอก'),('ลำผักชี','บริเวณลานจอดรถ สำนักงานเขตหนองจอก'),('ลำต้อยติ่ง','บริเวณลานจอดรถ สำนักงานเขตหนองจอก'),('ลาดกระบัง','บริเวณสำนักงานเขตลาดกระบัง'),('คลองสองต้นนุ่น','บริเวณสำนักงานเขตลาดกระบัง'),('คลองสามประเวศ','บริเวณสำนักงานเขตลาดกระบัง'),('ลำปลาทิว','บริเวณสำนักงานเขตลาดกระบัง'),('ทับยาว','บริเวณสำนักงานเขตลาดกระบัง'),('ขุมทอง','บริเวณสำนักงานเขตลาดกระบัง'),('สะพานสูง','บริเวณสำนักงานเขตสะพานสูง'),('ราษฎร์พัฒนา','บริเวณสำนักงานเขตสะพานสูง'),('ทับช้าง','บริเวณสำนักงานเขตสะพานสูง'),('ประเวศ','บริเวณลานจอดรถ สำนักงานเขตประเวศ'),('หนองบอน','บริเวณลานจอดรถ สำนักงานเขตประเวศ'),('ดอกไม้','บริเวณลานจอดรถ สำนักงานเขตประเวศ'),('พัฒนาการ','บริเวณสำนักงานเขตสวนหลวง'),('อ่อนนุช','บริเวณสำนักงานเขตสวนหลวง'),('สวนหลวง','บริเวณสำนักงานเขตสวนหลวง'),('บางนาเหนือ','บริเวณลานจอดรถ สำนักงานเขตบางนา'),('บางนาใต้','บริเวณลานจอดรถ สำนักงานเขตบางนา'),('บางจาก','บริเวณสำนักงานเขตพระโขนง'),('พระโขนงใต้','บริเวณสำนักงานเขตพระโขนง'),('วัดอรุณ','บริเวณโรงเรียนทวีธาภิเศก'),('วัดท่าพระ','บริเวณโรงเรียนทวีธาภิเศก'),('สมเด็จเจ้าพระยา ','บริเวณสำนักงานเขตคลองสาน'),('คลองสาน ','บริเวณสำนักงานเขตคลองสาน'),('บางลำภูล่าง ','บริเวณสำนักงานเขตคลองสาน'),('คลองต้นไทร','บริเวณสำนักงานเขตคลองสาน'),('วัดกัลยาณ์','ศูนย์เยาวชนวัดเวฬุราชิณ เขตธนบุรี'),('หิรัญรูจี','ศูนย์เยาวชนวัดเวฬุราชิณ เขตธนบุรี'),('บางยี่เรือ','ศูนย์เยาวชนวัดเวฬุราชิณ เขตธนบุรี'),('ตลาดพลู','ศูนย์เยาวชนวัดเวฬุราชิณ เขตธนบุรี'),('บุคคโล','ศูนย์เยาวชนวัดเวฬุราชิณ เขตธนบุรี'),('ดาวคะนอง','ศูนย์เยาวชนวัดเวฬุราชิณ เขตธนบุรี'),('สำเหร่','ศูนย์เยาวชนวัดเวฬุราชิณ เขตธนบุรี'),('บางขุนเทียน','ลานอเนกประสงค์สำนักงานเขตจอมทอง'),('บางค้อ','ลานอเนกประสงค์สำนักงานเขตจอมทอง'),('บางมด','ลานอเนกประสงค์สำนักงานเขตจอมทอง'),('จอมทอง','ลานอเนกประสงค์สำนักงานเขตจอมทอง'),('บางมด','เต็นท์บริเวณสำนักงานเขตทุ่งครุ'),('ทุ่งครุ','เต็นท์บริเวณสำนักงานเขตทุ่งครุ'),('ราษฎร์บูรณะ','เต็นท์บริเวณสำนักงานเขตราษฎร์บูรณะ'),('บางปะกอก','เต็นท์บริเวณสำนักงานเขตราษฎร์บูรณะ'),('ท่าข้าม','บริเวณสวนพักผ่อนเซ็นทรัลพาร์ค สาขาพระราม 2'),('แสมดำ','บริเวณสวนพักผ่อนเซ็นทรัลพาร์ค สาขาพระราม 3'),('บางบอนเหนือ','บริเวณอาคารสำนักงานเขตบางบอน'),('บางบอนใต้','บริเวณอาคารสำนักงานเขตบางบอน'),('คลองบางพราน','บริเวณอาคารสำนักงานเขตบางบอน'),('คลองบางบอน','บริเวณอาคารสำนักงานเขตบางบอน'),('หนองแขม','บริเวณสำนักงานเขตหนองแขม'),('ทวีวัฒนา','บริเวณสำนักงานเขตทวีวัฒนา'),('ศาลาธรรมสพน์','บริเวณสำนักงานเขตทวีวัฒนา'),('หนองค้างพลู','บริเวณสำนักงานเขตหนองแขม'),('ตลิ่งชัน','บริเวณสำนักงานเขตตลิ่งชัน'),('ฉิมพลี','บริเวณสำนักงานเขตตลิ่งชัน'),('บางแค','เต็นท์บริเวณลานจอดรถหน้าสำนักงานเขตบางแค'),('บางแคเหนือ','เต็นท์บริเวณลานจอดรถหน้าสำนักงานเขตบางแค'),('บางไผ่','เต็นท์บริเวณลานจอดรถหน้าสำนักงานเขตบางแค'),('หลักสอง','เต็นท์บริเวณลานจอดรถหน้าสำนักงานเขตบางแค'),('บางหว้า','บริเวณลานจอดรถด้านหลังอาคารสำนักงานเขตภาษีเจริญ'),('บางด้วน','บริเวณลานจอดรถด้านหลังอาคารสำนักงานเขตภาษีเจริญ'),('บางจาก','บริเวณลานจอดรถด้านหลังอาคารสำนักงานเขตภาษีเจริญ'),('บางแวก','บริเวณลานจอดรถด้านหลังอาคารสำนักงานเขตภาษีเจริญ'),('คลองขวาง','บริเวณลานจอดรถด้านหลังอาคารสำนักงานเขตภาษีเจริญ'),('ปากคลองภาษีเจริญ','บริเวณลานจอดรถด้านหลังอาคารสำนักงานเขตภาษีเจริญ'),('คูหาสวรรค์','บริเวณลานจอดรถด้านหลังอาคารสำนักงานเขตภาษีเจริญ'),('บางพรม','บริเวณสำนักงานเขตตลิ่งชัน'),('บางระมาด','บริเวณสำนักงานเขตตลิ่งชัน'),('บางเชือกหนัง','บริเวณสำนักงานเขตตลิ่งชัน'),('ศาลาธรรมสพน์','บริเวณสำนักงานเขตตลิ่งชัน'),('ศิริราช','สำนักงานเขตบางกอกน้อย'),('บ้านช่างหล่อ','สำนักงานเขตบางกอกน้อย'),('บางขุนนนท์','สำนักงานเขตบางกอกน้อย'),('บางขุนศรี','สำนักงานเขตบางกอกน้อย'),('อรุณอมรินทร์','สำนักงานเขตบางกอกน้อย'),('บางพลัด','ลานจอดรถสำนักงานเขตบางพลัด'),('บางอ้อ','ลานจอดรถสำนักงานเขตบางพลัด'),('บางบำหรุ','ลานจอดรถสำนักงานเขตบางพลัด'),('บางยี่ขัน','ลานจอดรถสำนักงานเขตบางพลัด');
/*!40000 ALTER TABLE `elecplace` ENABLE KEYS */;
UNLOCK TABLES;

--
-- Table structure for table `eleczone`
--

DROP TABLE IF EXISTS `eleczone`;
/*!40101 SET @saved_cs_client     = @@character_set_client */;
 SET character_set_client = utf8mb4 ;
CREATE TABLE `eleczone` (
  `ElecNo` int(11) DEFAULT NULL,
  `PartyName` text,
  `Score` int(11) DEFAULT NULL
) ENGINE=InnoDB DEFAULT CHARSET=utf8mb4 COLLATE=utf8mb4_0900_ai_ci;
/*!40101 SET character_set_client = @saved_cs_client */;

--
-- Dumping data for table `eleczone`
--

LOCK TABLES `eleczone` WRITE;
/*!40000 ALTER TABLE `eleczone` DISABLE KEYS */;
INSERT INTO `eleczone` VALUES (1,'พลังประชารัฐ',23246),(2,'พลังประชารัฐ',26909),(3,'อนาคตใหม่',28444),(4,'พลังประชารัฐ',27620),(5,'เพื่อไทย',27897),(6,'พลังประชารัฐ',28690),(7,'พลังประชารัฐ',25180),(8,'พลังประชารัฐ',29090),(9,'พลังประชารัฐ',34907),(10,'เพื่อไทย',30800),(11,'เพื่อไทย',34679),(12,'เพื่อไทย',30254),(13,'พลังประชารัฐ',27489),(14,'เพื่อไทย',31445),(15,'พลังประชารัฐ',31551),(16,'เพื่อไทย',31481),(17,'พลังประชารัฐ',25329),(18,'เพื่อไทย',35361),(19,'พลังประชารัฐ',28203),(20,'อนาคตใหม่',40483),(21,'อนาคตใหม่',35702),(22,'อนาคตใหม่',34368),(23,'อนาคตใหม่',27651),(24,'อนาคตใหม่',38409),(25,'อนาคตใหม่',38340),(26,'เพื่อไทย',30538),(27,'อนาคตใหม่',29545),(28,'อนาคตใหม่',29590),(29,'เพื่อไทย',28765),(30,'พลังประชารัฐ',31394);
/*!40000 ALTER TABLE `eleczone` ENABLE KEYS */;
UNLOCK TABLES;

--
-- Table structure for table `list_of_prime_minister`
--

DROP TABLE IF EXISTS `list_of_prime_minister`;
/*!40101 SET @saved_cs_client     = @@character_set_client */;
 SET character_set_client = utf8mb4 ;
CREATE TABLE `list_of_prime_minister` (
  `PMNo` int(11) DEFAULT NULL,
  `NameTitle` text,
  `PMFirstName` text,
  `PMLastName` text,
  `NoPeriod` int(11) DEFAULT NULL
) ENGINE=InnoDB DEFAULT CHARSET=utf8mb4 COLLATE=utf8mb4_0900_ai_ci;
/*!40101 SET character_set_client = @saved_cs_client */;

--
-- Dumping data for table `list_of_prime_minister`
--

LOCK TABLES `list_of_prime_minister` WRITE;
/*!40000 ALTER TABLE `list_of_prime_minister` DISABLE KEYS */;
INSERT INTO `list_of_prime_minister` VALUES (1,'นาย','ก้อน','หุตะสิงห์',358),(2,'นาย','พจน์','พหลโยธิน',2004),(3,'จอมพล','แปลก','พิบูลสงคราม',5503),(4,'พันตรี','ควง','อภัยวงศ์',598),(5,'นาย','ทวี','บุณยเกตุ',17),(6,'หม่อมราชวงศ์','เสนีย์','ปราโมช',332),(7,'นาย','ปรีดี','พนมยงค์',152),(8,'พลเรือตรี','ถวัลย์','ธำรงนาวาสวัสดิ์',442),(9,'นาย','พจน์','สารสิน',102),(10,'จอมพล','ถนอม','กิตติขจร',3492),(11,'จอมพล','สฤษดิ์','ธนะรัตน์',1763),(12,'นาย','สัญญา','ธรรมศักดิ์',489),(13,'พลตรี หม่อมราชวงศ์','คึกฤทธิ์','ปราโมช',403),(14,'นาย','ธานินทร์','กรัยวิเชียร',377),(15,'พลเอก','เกรียงศักดิ์','ชมะนันทน์',843),(16,'พลเอก','เปรม','ติณสูลานนท์',3076),(17,'พลเอก','ชาติชาย','ชุณหะวัณ',933),(18,'นาย','อานันท์','ปันยารชุน',507),(19,'พลเอก','สุจินดา','คราประยูร',47),(20,'นาย','ชวน','หลีกภัย',2211),(21,'นาย','บรรหาร','ศิลปอาชา',501),(22,'พลเอก','ชวลิต','ยงใจยุทธ',349),(23,'พันตำรวจโท','ทักษิณ','ชินวัตร',2048),(24,'พลเอก','สุรยุทธ์','จุลานนท์',485),(25,'นาย','สมัคร','สุนทรเวช',224),(26,'นาย','สมชาย','วงสวัสดิ์',75),(27,'นาย','อภิสิทธิ์','เวชชาชีวะ',961),(28,'นางสาว','ยิงลักษณ์','ชินวัตร',1006),(29,'พลเอก','ประยุทธ์','จันทร์โอชา',1674);
/*!40000 ALTER TABLE `list_of_prime_minister` ENABLE KEYS */;
UNLOCK TABLES;

--
-- Table structure for table `member_of_parliament`
--

DROP TABLE IF EXISTS `member_of_parliament`;
/*!40101 SET @saved_cs_client     = @@character_set_client */;
 SET character_set_client = utf8mb4 ;
CREATE TABLE `member_of_parliament` (
  `ElecNo` int(11) DEFAULT NULL,
  `MPNo` int(11) DEFAULT NULL,
  `PartyName` text,
  `NameTitle` text,
  `MPFirstName` text,
  `MPLastName` text,
  `PartyStatus` text
) ENGINE=InnoDB DEFAULT CHARSET=utf8mb4 COLLATE=utf8mb4_0900_ai_ci;
/*!40101 SET character_set_client = @saved_cs_client */;

--
-- Dumping data for table `member_of_parliament`
--

LOCK TABLES `member_of_parliament` WRITE;
/*!40000 ALTER TABLE `member_of_parliament` DISABLE KEYS */;
INSERT INTO `member_of_parliament` VALUES (1,1,'ไทยศรีวิไลย์','นางสาว','ณัฐปภัสร์','วรธันย์ผาสุข','ยังดำเนินการอยู่'),(1,2,'พลังท้องถิ่นไท','นาย','ธเนษฐ','เศรษฐาวาณิช','ยังดำเนินการอยู่'),(1,3,'ประชาธิปัตย์','นาง','เจิมมาศ','จึงเลิศศิริ','ยังดำเนินการอยู่'),(1,4,'ชาติไทยพัฒนา','นาย','กรีณรงค์','ชาตรี','ยังดำเนินการอยู่'),(1,5,'ประชาชนปฏิรูป','นาง','ดรัณภัทร','วิชชาวุธ','ยังดำเนินการอยู่'),(1,6,'ประชาชาติ','นาย','รวิโชติ','ธำรงนาวาสวัสดิ์','ยังดำเนินการอยู่'),(1,7,'รวมพลังประชาชาติไทย','นาย','เตช','เตชะพัฒน์สิริ','ยังดำเนินการอยู่'),(1,8,'ชาติพัฒนา','นาย','อนุสรณ์','เกษมวรรณ','ยังดำเนินการอยู่'),(1,9,'เพื่อไทย','นางสาว','ลีลาวดี','วัชโรบล','ยังดำเนินการอยู่'),(1,10,'เพื่อชาติ','นาย','ณัฏฐ์พงษ์','ยงใจยุทธ','ยังดำเนินการอยู่'),(1,11,'อนาคตใหม่','นางสาว','นพมาศ','การุญ','ยังดำเนินการอยู่'),(1,12,'รักษ์ผืนป่าประเทศไทย','นาย','กอบชัย','ชยามฤต','ยังดำเนินการอยู่'),(1,13,'ภูมิใจไทย','นาย','ทวีพร','อนุตรพงษ์สกุล','ยังดำเนินการอยู่'),(1,14,'พลังประชารัฐ','นางสาว','กานต์กนิษฐ์','แห้วสันตติ','ยังดำเนินการอยู่'),(1,15,'ประชาภิวัฒน์','นาย','ธนชาต','เมฆวันวรา','ยังดำเนินการอยู่'),(1,16,'เพื่อแผ่นดิน','นาย','วิเชียร','โมไนยกุล','ยังดำเนินการอยู่'),(1,17,'เสรีรวมไทย','ร้อยเอก','วัชราภรณ์','สังวรโยธิน','ยังดำเนินการอยู่'),(1,18,'ประชานิยม','นางสาว','วิสุดา','จงสกุลชัย','ยังดำเนินการอยู่'),(1,19,'ถิ่นกาขาวชาววิไล','นาย','เรียบ','ประทุมฝาง','ยังดำเนินการอยู่'),(1,20,'ภราดรภาพ','นาย','ณัฐพล','หวังชูเชิดกุล','ยังดำเนินการอยู่'),(1,21,'เศรษฐกิจใหม่','นาย','มงคล','เสมอภาพ','ยังดำเนินการอยู่'),(1,22,'มติประชา','นาง','วัลลี','แอสุวรรณ์','ยังดำเนินการอยู่'),(1,23,'แผ่นดินธรรม','จ่าเอก','พิพัฒน์','วงษ์ฤทธิ์','ยังดำเนินการอยู่'),(1,24,'พลังชาติไทย','นาย','หฤษฎ์','หนูเอี่ยม','ยังดำเนินการอยู่'),(1,25,'ครูไทยเพื่อประชาชน','นาย','พงศ์ชิษณุ','พีรดาจิราวัฒน์','ยังดำเนินการอยู่'),(1,26,'มหาชน','นางสาว','พัทธ์ฐิชา','ณิชยรวีพัชร์','ยังดำเนินการอยู่'),(1,27,'พลังศรัทธา','นางสาว','กันญภัทร','นครังสุ','ยังดำเนินการอยู่'),(1,28,'ประชาธรรมไทย','นางสาว','หนึ่งฤทัย','หัสดิน','ยังดำเนินการอยู่'),(1,29,'ภาคีเครือข่ายไทย','นาง','อรุณรัตน์','ศิลปธรรมธาดา','ยังดำเนินการอยู่'),(1,30,'ไทรักธรรม','นาย','ภฤศ','วัฒนธาดากุล','ยังดำเนินการอยู่'),(2,1,'รวมพลังประชาชาติไทย','นาย','ณัฏฐพัชร์','กวินกนกกัลป์','ยังดำเนินการอยู่'),(2,2,'พลังประชารัฐ','นางสาว','พัชรินทร์','ซำศิริพงษ์','ยังดำเนินการอยู่'),(2,3,'ภูมิใจไทย','นางสาว','อุไร','อนันตสิน','ยังดำเนินการอยู่'),(2,4,'ประชาธิปัตย์','นางสาว','อรอนงค์','กาญจนชูศักดิ์','ยังดำเนินการอยู่'),(2,5,'อนาคตใหม่','นางสาว','พัสวี','ภัทรพุทธากร','ยังดำเนินการอยู่'),(2,6,'เสรีรวมไทย','นาง','ชัญญา','บุญเกิด','ยังดำเนินการอยู่'),(2,7,'เพื่อชาติ','นางสาว','ภัทรกันย์','กิจวิชา','ยังดำเนินการอยู่'),(2,8,'ประชาชาติ','นาง','พิมพาภรณ์','พานทอง','ยังดำเนินการอยู่'),(2,9,'พลังประชาธิปไตย','นาย','นพรุจ','วรชิตวุฒิกุล','ยังดำเนินการอยู่'),(2,10,'ไทยรักษาชาติ','หม่อมหลวง','ณัฏฐพล','เทวกุล','ถูกศาลรัฐธรรมนูญสั่งยุบพรรค'),(2,11,'ชาติไทยพัฒนา','นางสาว','ศิรภัสสร','พิเนตร','ยังดำเนินการอยู่'),(2,12,'ประชาชนปฏิรูป','นางสาว','นิธินันท์','นิธิวชิระพงศ์','ยังดำเนินการอยู่'),(2,13,'ชาติพัฒนา','นางสาว','ปุณฐ์นัฐย์ดา','อิสริยาพร','ยังดำเนินการอยู่'),(2,14,'เพื่อแผ่นดิน','นาย','พัชรวีร์','พรหมวงศ์','ยังดำเนินการอยู่'),(2,15,'ประชาภิวัฒน์','นาย','ธีระ','ธรรมลักขณา','ยังดำเนินการอยู่'),(2,16,'ถิ่นกาขาวชาววิไล','นาย','รชต','ตันตระกูล','ยังดำเนินการอยู่'),(2,17,'ภราดรภาพ','นาย','ธนบุรี','วสุธาวาณิช','ยังดำเนินการอยู่'),(2,18,'รักษ์ผืนป่าประเทศไทย','นางสาว','สิริมา','ธารีจารุ','ยังดำเนินการอยู่'),(2,19,'เศรษฐกิจใหม่','นาย','ชัยวัฒน์','ชื่นสุขสันต์','ยังดำเนินการอยู่'),(2,20,'ครูไทยเพื่อประชาชน','นาย','สุรวัชร์','ทองรอด','ยังดำเนินการอยู่'),(2,21,'แผ่นดินธรรม','นาย','เทียนชัย','วงศ์นวภรณ์','ยังดำเนินการอยู่'),(2,22,'มติประชา','นาย','ภควุฒิ','งามพัฒนพงศ์ชัย','ยังดำเนินการอยู่'),(2,23,'พลังชาติไทย','นาย','ภูริต','มนูปรัญญานนท์','ยังดำเนินการอยู่'),(2,24,'ประชานิยม','นาย','เมธานนท์ ','สุรเมธีกุล','ยังดำเนินการอยู่'),(2,25,'พลังสังคม','พันตรี','อำนาจ','ศิลปาจารย์','ยังดำเนินการอยู่'),(2,26,'กลาง','นาย','อัศจรรย์','เขมกานนท์','ยังดำเนินการอยู่'),(2,27,'ภาคีเครือข่ายไทย','นาย','ธงชัย','ทองอยู่เลิศ','ยังดำเนินการอยู่'),(2,28,'ประชาธิรรมไทย','นาย','วิทยา','อิบรอฮีม','ยังดำเนินการอยู่'),(2,29,'มหาชน','นาย','ศิวกร','ซิมมณี','ยังดำเนินการอยู่'),(2,30,'สามัญชน','นางสาว','ภัทร์นฤน','วงศ์กาศ','ยังดำเนินการอยู่'),(2,31,'พลังท้องถิ่นไท','นางสาว','เพ็ญลดา','ครุธโกษา','ยังดำเนินการอยู่'),(3,1,'ไทยรักษาชาติ','นาย','พงษ์พิสุทธิ์','จินตโสภณ','ถูกศาลรัฐธรรมนูญสั่งยุบพรรค'),(3,2,'ประชาภิวัฒน์','นาย','สกนธ์','กัปปิยจรรยา','ยังดำเนินการอยู่'),(3,3,'พลังประชารัฐ','นาย','เนวินธุ์','ช่อชัยทิพฐ์','ยังดำเนินการอยู่'),(3,4,'ประชาชนปฏิรูป','นาย','ปณตพร','โอฬารฤทธินันท์','ยังดำเนินการอยู่'),(3,5,'รวมพลังประชาชาติไทย','นาย','จุมพล ','จันทร์จิระ','ยังดำเนินการอยู่'),(3,6,'พลังท้องถิ่นไท','นาย','ธิมล','ไตรรัตน์วิโรจน์','ยังดำเนินการอยู่'),(3,7,'พลังธรรมใหม่','นาง','นงลักษณ์ ','ติรกาญจนา','ยังดำเนินการอยู่'),(3,8,'ประชาชาติ','นางสาว','วิลนันต์','จันธนนิโรจน์','ยังดำเนินการอยู่'),(3,9,'ชาติไทยพัฒนา','นาย','ศิระรังษี ','ปารมีอิทธิวงษ์','ยังดำเนินการอยู่'),(3,10,'เพื่อชาติ','นาย','สันติ','วิชัยพล','ยังดำเนินการอยู่'),(3,11,'เสรีรวมไทย','นาย','ไสว','ทัศนีย์ภาพ','ยังดำเนินการอยู่'),(3,12,'ภูมิใจไทย','นาย','ณฐพนธ์ ','คงศิลา','ยังดำเนินการอยู่'),(3,13,'ประชาธิปัตย์','หม่อมหลวง','อภิมงคล ','โสณกุล','ยังดำเนินการอยู่'),(3,14,'อนาคตใหม่','นางสาว','วรรณวรี','ตะล่อมสิน','ยังดำเนินการอยู่'),(3,15,'ชาติพัฒนา','นาย','เอกรัฐ ','เลิศรัตนชัยกิจ','ยังดำเนินการอยู่'),(3,16,'ประชานิยม','นาย','ปฐวี ','ชัยวัฒน์','ยังดำเนินการอยู่'),(3,17,'ภราดรภาพ','นาง','ธนัชพร','วงษ์ทองทิว','ยังดำเนินการอยู่'),(3,18,'ไทยศรีวิไลย์','นาย','ธนชัย','ตั้งตรงสากล','ยังดำเนินการอยู่'),(3,19,'รักษ์ผืนป่าประเทศไทย','นาย','สิทธิกร ','หล่อกัณภัย','ยังดำเนินการอยู่'),(3,20,'เศรษฐกิจใหม่','นาย','วิทยา','ตั้งสุวรรณวงศ์','ยังดำเนินการอยู่'),(3,21,'ครูไทยเพื่อประชาชน','นาย','อุปถัมภ์ ','พรรณสังข์','ยังดำเนินการอยู่'),(3,22,'พลังชาติไทย','นาย','กิตตน์','รุ่งณรงค์รักษ์','ยังดำเนินการอยู่'),(3,23,'พลังไทยรักชาติ','นางสาว','ดวงกมล','อดุลย์เศรณี','ยังดำเนินการอยู่'),(3,24,'พลังสังคม','ร้อยตรี','ศรันย์วิทย์','เหมรักษ์','ยังดำเนินการอยู่'),(3,25,'พลังไทสร้างชาติ','นาย','พิสิษฐ์ ','เจียมจิรอานนท์','ยังดำเนินการอยู่'),(3,26,'ประชาธิปไตยใหม่','นาย','ชมน์สฤษฏ์ ','รัตนชัยเดชา','ยังดำเนินการอยู่'),(3,27,'มติประชา','นาย','เพียรชัย ','องค์ศรีตระกูล','ยังดำเนินการอยู่'),(3,28,'พลังศรัทธา','นางสาว','พัชรินทร์ ','ประสพสุข','ยังดำเนินการอยู่'),(3,29,'มหาชน','นางสาว','ไอยพราว ','พัชร์ปวริศร์','ยังดำเนินการอยู่'),(3,30,'ประชาธรรมไทย','นางสาว','ปัญนิษา ','จำรัสธนเดช','ยังดำเนินการอยู่'),(3,31,'แผ่นดินธรรม','นางสาว','ภัทรา ','นิทัศนานนทชัย','ยังดำเนินการอยู่'),(3,32,'ภาคีเครือข่ายไทย','นาย','สุรสิทธิ์','ผาบชมภู','ยังดำเนินการอยู่'),(3,33,'ไทรักธรรม','นาย','กฤษณะ ','เนตร์ชัยรัตน์','ยังดำเนินการอยู่'),(4,1,'เพื่อชาติ','นาย','บุญเลิศ ','นุ้ยเมือง','ยังดำเนินการอยู่'),(4,2,'อนาคตใหม่','นาย','กรณ์','จตุวิมล','ยังดำเนินการอยู่'),(4,3,'เสรีรวมไทย','นางสาว','เดือนเพ็ญ','ยวงสูงเนิน','ยังดำเนินการอยู่'),(4,4,'รวมพลังประชาชาติไทย','นาย','พิรสุต','จันทรานุวัฒน์','ยังดำเนินการอยู่'),(4,5,'ภูมิใจไทย','นาย','เอกราช ','หวังนุช','ยังดำเนินการอยู่'),(4,6,'พลังประชารัฐ','นาง','กรณิศ ','งามสุคนธ์รัตนา','ยังดำเนินการอยู่'),(4,7,'ชาติพัฒนา','นางสาว','เมลิสา ','มหาพล','ยังดำเนินการอยู่'),(4,8,'ประชาชาติ','นาย','มีชัย ','ออสุวรรณ','ยังดำเนินการอยู่'),(4,9,'ประชาภิวัฒน์','นาย','นรินทร์ ','โกศลรุ่งเรือง','ยังดำเนินการอยู่'),(4,10,'ไทยศรีวิไลย์','นาย','ศุภฤกษ์ ','ธนาพัชรมนฑ์','ยังดำเนินการอยู่'),(4,11,'ประชาธิปัตย์','นาย','อนุชา ','บูรพชัยศรี','ยังดำเนินการอยู่'),(4,12,'ประชาชนปฏิรูป','นาย','สมชาย ','ชีวเกรียงไกร','ยังดำเนินการอยู่'),(4,13,'มหาชน','นาย','จักรกรินทร์ ','สิงหนุต','ยังดำเนินการอยู่'),(4,14,'ชาติไทยพัฒนา','นางสาว','สกุลทิพย์ ','วิชญาโนทัย','ยังดำเนินการอยู่'),(4,15,'ภราดรภาพ','นาย','สันทัด ','อัศวมั่นคงเจริญ','ยังดำเนินการอยู่'),(4,16,'รักษ์ผืนป่าประเทศไทย','นาง','สุธีรัชต์ ','อมรพงศาพันธ์','ยังดำเนินการอยู่'),(4,17,'พลังท้องถิ่นไท','นาย','อดิธร ','ศรีประเสริฐ','ยังดำเนินการอยู่'),(4,18,'ไทยรักษาชาติ','นาย','นวธันย์ ','ธวัชวงศ์เดชากุล','ถูกศาลรัฐธรรมนูญสั่งยุบพรรค'),(4,19,'ประชานิยม','นาย','พันเทพ ','หงษ์สุมาลย์','ยังดำเนินการอยู่'),(4,20,'พลังชาติไทย','นาย','ธนเสฏฐ์ ','รัตนสมบูรณ์','ยังดำเนินการอยู่'),(4,21,'เศรษฐกิจใหม่','นาย','ธนภณ ','ธัญธนสกุล','ยังดำเนินการอยู่'),(4,22,'ประชากรไทย','นาย','ธนเดช ','ไชยพฤกษ์','ยังดำเนินการอยู่'),(4,23,'ครูไทยเพื่อประชาชน','นาย','วุฒิวัฒน์ ','ธนินพัฒนรัตน์','ยังดำเนินการอยู่'),(4,24,'ประชาธิปไตยใหม่','นางสาว','ปุณณ์ภัสสร ','จีรวิวัฒนชัย','ยังดำเนินการอยู่'),(4,25,'พลังรัก','นาย','ณัฐรัตน์ ','ไหลพิริยกุล','ยังดำเนินการอยู่'),(4,26,'มติประชา','นาย','นิพนธ์ ','ฐิติภัค','ยังดำเนินการอยู่'),(4,27,'ประชาธรรมไทย','นาง','กาญจนาภา ','สิทธิคุณาพันธุ์','ยังดำเนินการอยู่'),(4,28,'พลังไทสร้างชาติ','นาย','สมพิศ ','ผอบเพ็ชร','ยังดำเนินการอยู่'),(4,29,'พลเมืองไทย','นางสาว','จิรากัญ ','มากบุญธรรม','ยังดำเนินการอยู่'),(4,30,'พลังศรัทธา','นางสาว','ณัฐรมณ์ ','ลิ้นลา','ยังดำเนินการอยู่'),(4,31,'ไทรักธรรม','นางสาว','ดารารัตน์','สีแดง','ยังดำเนินการอยู่'),(4,32,'ภาคีเครือข่ายไทย','นาย','ฉัตรชัย','คงเกิด','ยังดำเนินการอยู่'),(5,1,'ชาติพัฒนา','นาย','ยงยุทธ ','วงศ์ธีระสูตร','ยังดำเนินการอยู่'),(5,2,'พลังประชารัฐ','นางสาว','อรพินทร์ ','เพชรทัต','ยังดำเนินการอยู่'),(5,3,'ประชาชาติ','นาย','อภิเดช ','ชยานนท์เกสรี','ยังดำเนินการอยู่'),(5,4,'ภูมิใจไทย','นาย','ธัชพงศ์ ','ชูดำ','ยังดำเนินการอยู่'),(5,5,'ประชาชนปฏิรูป','นาย','สมชาย','ดุรงค์เดช','ยังดำเนินการอยู่'),(5,6,'ไทยศรีวิไลย์','นางสาว','ณฐบดี ','อภิญญาตกุล','ยังดำเนินการอยู่'),(5,7,'เสรีรวมไทย','นาย','กฤต ','เลิศเศรษฐการ','ยังดำเนินการอยู่'),(5,8,'อนาคตใหม่','นาย','อดิศร ','โพธิ์อ่าน','ยังดำเนินการอยู่'),(5,9,'ประชาธิปัตย์','นาย','ธนา','ชีรวินิจ','ยังดำเนินการอยู่'),(5,10,'พลังธรรมใหม่','นางสาว','กรรธิมา ','สันติสุข','ยังดำเนินการอยู่'),(5,11,'ชาติไทยพัฒนา','นาย','สุทักษ์ ','จิระรัตนวงศ์','ยังดำเนินการอยู่'),(5,12,'ประชาภิวัฒน์','นาย','ศุภศักดิ์ ','บุญญะสุต','ยังดำเนินการอยู่'),(5,13,'เพื่อไทย','นาย','ประเดิมชัย ','บุญช่วยเหลือ','ยังดำเนินการอยู่'),(5,14,'เพื่อชาติ','นางสาว','สาวิตรี ','สาทสุทธิ','ยังดำเนินการอยู่'),(5,15,'รักษ์ผืนป่าประเทศไทย','นาย','จักรทิพย์ ','ปัทมะทิน','ยังดำเนินการอยู่'),(5,16,'ภราดรภาพ','นางสาว','น้องนุช','โทเอ','ยังดำเนินการอยู่'),(5,17,'รวมพลังประชาชาติไทย','นาย','ภาณุพงศ์ ','บัวมาตร','ยังดำเนินการอยู่'),(5,18,'พลังสังคม','นาย','สมเกียรติ ','มั่นคง','ยังดำเนินการอยู่'),(5,19,'พลังปวงชนไทย','นาย','ทนัฏฐ์ ','ปานโสภณ','ยังดำเนินการอยู่'),(5,20,'ประชานิยม','นาย','พนิต ','นุชน้อย','ยังดำเนินการอยู่'),(5,21,'ประชาธิปไตยใหม่','นาย','ณัฐสุรัช ','หงษ์วิจิตปรีชา','ยังดำเนินการอยู่'),(5,22,'พลังชาติไทย','นาย','พงศ์สัคค์ ','พุฒแก้ว','ยังดำเนินการอยู่'),(5,23,'ครูไทยเพื่อประชาชน','นาย','กวิน','นิลพานิช','ยังดำเนินการอยู่'),(5,24,'ชาติพันธุ์ไทย','นาง','เอื้องฟ้า','งามธุระ','ยังดำเนินการอยู่'),(5,25,'พลังไทยรักไทย','นางสาว','สุรีพร','สัมโย','ยังดำเนินการอยู่'),(5,26,'พลังท้องถิ่นไท','นาย','อนุรักษ์ ','รุ่งแจ้ง','ยังดำเนินการอยู่'),(5,27,'มติประชา','นาย','สุชาติ ','สุวรรณปราโมทย์','ยังดำเนินการอยู่'),(5,28,'ภาคีเครือข่ายไทย','นางสาว','ประภัสสร ','แก้วประเสริฐ','ยังดำเนินการอยู่'),(5,29,'เศรษฐกิจใหม่','นาย','ปฎิวัติ ','ตรองจิตต์','ยังดำเนินการอยู่'),(5,30,'มหาชน','นาย','ภูเบศร์ ','มงคลวัฒน์','ยังดำเนินการอยู่'),(5,31,'พลังไทสร้างชาติ','นาย','มานพ','ศุขะพันธุ์','ยังดำเนินการอยู่'),(5,32,'ประชาธรรมไทย','นาย','ณภัทร ','หลวงเมือง','ยังดำเนินการอยู่'),(5,33,'พลังประชาธิปไตย','นาง','พิชญ์ดา ','เดอเยซูซ์','ยังดำเนินการอยู่'),(6,1,'ภูมิใจไทย','นาย','อนุชาญ ','กวางทอง','ยังดำเนินการอยู่'),(6,2,'เสรีรวมไทย','นาย','ภูวพัฒน์ ','ชนะสกล','ยังดำเนินการอยู่'),(6,3,'เพื่อไทย','นาย','ประพนธ์ ','เนตรรังษี','ยังดำเนินการอยู่'),(6,4,'ประชาชนปฏิรูป','ร้อยตำรวจโท','รพีพจน์ ','เจิมเทียนชัย','ยังดำเนินการอยู่'),(6,5,'ประชานิยม','นาย','สังวน','เจิมแป้น','ยังดำเนินการอยู่'),(6,6,'ชาติพัฒนา','นาย','ณัฏฐ์ปิยะ ','กุลจิรารวีนิภา','ยังดำเนินการอยู่'),(6,7,'รวมพลังประชาชาติไทย','นาง','ดวงกมล ','ดวงสร้อยทอง','ยังดำเนินการอยู่'),(6,8,'อนาคตใหม่','นาย','คริส ','โปตระนันทน์','ยังดำเนินการอยู่'),(6,9,'ชาติไทยพัฒนา','นาย','พีรชาติ ','ยุกตานนท์','ยังดำเนินการอยู่'),(6,10,'ประชาธิปัตย์','นาย','อรรถวิชช์','สุวรรณภักดี','ยังดำเนินการอยู่'),(6,11,'พลังประชารัฐ','นางสาว','ภาดาท์ ','วรกานนท์','ยังดำเนินการอยู่'),(6,12,'เพื่อชาติ','นาย','ไชยา ','ประดิษฐธรรม','ยังดำเนินการอยู่'),(6,13,'ประชาชาติ','นาย','วิโรจน์','เจษฎาดิลก','ยังดำเนินการอยู่'),(6,14,'ประชาภิวัฒน์','นาย','เอนก','นาคดิลก','ยังดำเนินการอยู่'),(6,15,'พลังท้องถิ่นไท','นาย','รุจชรินทร์','ทองใหญ่','ยังดำเนินการอยู่'),(6,16,'ไทยศรีวิไลย์','นาย','พิชัย','บุราวาศ','ยังดำเนินการอยู่'),(6,17,'ภราดรภาพ','นาย','สุรภาส','วิเชียร','ยังดำเนินการอยู่'),(6,18,'รักษ์ผืนป่าประเทศไทย','พลตำรวจตรี','สุริยะ','อยู่เย็น','ยังดำเนินการอยู่'),(6,19,'เพื่อแผ่นดิน','นาย','ประวีร์','จินดาวรรณ','ยังดำเนินการอยู่'),(6,20,'เศรษฐกิจใหม่','นาง','สุมณฑา','อ่อนนุ่ม','ยังดำเนินการอยู่'),(6,21,'พลังชาติไทย','นาง','อังศุธร','อังคะพินทุ','ยังดำเนินการอยู่'),(6,22,'ครูไทยเพื่อประชาชน','นาย','พิสิษฐ์','พิพัฒน์กุลบุตร','ยังดำเนินการอยู่'),(6,23,'พลังรัก','นาย','ภัทรพงศ์','วนะไชยเกียรติ','ยังดำเนินการอยู่'),(6,24,'พลังปวงชนไทย','นาย','ขรรค์ชัย','แก้วเนตร','ยังดำเนินการอยู่'),(6,25,'มหาชน','นาง','นภารำไพ','ณ นคร','ยังดำเนินการอยู่'),(6,26,'พลังไทสร้างชาติ','นาย','มิตรพล','สิทธิกูล','ยังดำเนินการอยู่'),(6,27,'พลเมืองไทย','นางสาว','ฐาปนี','โปร่งรัศมี','ยังดำเนินการอยู่'),(6,28,'มติประชา','นาย','ปริญญา','งามพัฒนพงศ์ชัย','ยังดำเนินการอยู่'),(6,29,'ภาคีเครือข่ายไทย','นาย','คชษิน','กาดัสซา','ยังดำเนินการอยู่'),(6,30,'ประชาธิปไตยใหม่','นาย','ลาภวัต','สุริยสกุลลาภ','ยังดำเนินการอยู่'),(7,1,'ประชาชาติ','นาย','ธัญญธำรง','อัศวนนท์','ยังดำเนินการอยู่'),(7,2,'ประชาชนปฏิรูป','นาย','พรมงคล','ศรีดี','ยังดำเนินการอยู่'),(7,3,'อนาคตใหม่','นาย','ปิยะชาติ','อำนวยเวช','ยังดำเนินการอยู่'),(7,4,'พลังประชารัฐ','นางสาว','ธณิกานต์','พรพงษาโรจน์','ยังดำเนินการอยู่'),(7,5,'ประชาภิวัฒน์','นาย','กัษณ','เข็มเพ็ชร','ยังดำเนินการอยู่'),(7,6,'ชาติพัฒนา','นาย','วิโรจน์','จิตรอบอารีย์','ยังดำเนินการอยู่'),(7,7,'เสรีรวมไทย','นาย','วรินทร','สิรรมย์','ยังดำเนินการอยู่'),(7,8,'ชาติไทยพัฒนา','นาย','ปฐมพร','ทิมเพชร','ยังดำเนินการอยู่'),(7,9,'ไทยศรีวิไลย์','นางสาว','กฤษยากร','สรชัย','ยังดำเนินการอยู่'),(7,10,'เพื่อแผ่นดิน','นาย','สมชาติ','อ่อนประดิษฐ์','ยังดำเนินการอยู่'),(7,11,'รวมพลังประชาชาติไทย','นาย','กันตพล','กิตติธากรณ์','ยังดำเนินการอยู่'),(7,12,'พลังท้องถิ่นไท','นาง','พิมพ์อร','คงอุดม','ยังดำเนินการอยู่'),(7,13,'เพื่อชาติ','นางสาว','โพยมราษี ','ฤกษ์สำราญ','ยังดำเนินการอยู่'),(7,14,'ภูมิใจไทย','นาย','อัครนันท์','อริยศรีพงษ์','ยังดำเนินการอยู่'),(7,15,'ประชาธิปัตย์','นาย','คณวัฒน์ ','จันทรลาวัณย์','ยังดำเนินการอยู่'),(7,16,'รักษ์ผืนป่าประเทศไทย','พลโทหญิง','พงษ์รุจี','ศิริวัฒนะ','ยังดำเนินการอยู่'),(7,17,'เพื่อไทย','ร้อยตำรวจเอก','วัฒนรักษ์ ','สุรนาทยุทธ์','ยังดำเนินการอยู่'),(7,18,'ประชานิยม','นาย','พีรยุทธ','อินทรสุวรรณ','ยังดำเนินการอยู่'),(7,19,'พลังศรัทธา','พันเอก','สันติ','โอเงิน','ยังดำเนินการอยู่'),(7,20,'พลังปวงชนไทย','นาย','อริยะ','ฮุยลัน','ยังดำเนินการอยู่'),(7,21,'ภราดรภาพ','นางสาว','ศจีกาญจน์','สรรพช่าง','ยังดำเนินการอยู่'),(7,22,'เศรษฐกิจใหม่','นาย','ณัทพสิษฐ์ ','ประสานวงศ์','ยังดำเนินการอยู่'),(7,23,'ครูไทยเพื่อประชาชน','นาย','กิติพันธ์ ','นันทะสีวะลี','ยังดำเนินการอยู่'),(7,24,'พลังชาติไทย','นาย','วโรภาส','แสงเพชร','ยังดำเนินการอยู่'),(7,25,'มติประชา','นาย','รัฐโรจน์','ประสิทธิ์พรกุล','ยังดำเนินการอยู่'),(7,26,'แผ่นดินธรรม','นาย','วิสุทธิ์','โพธิ์ศรี','ยังดำเนินการอยู่'),(7,27,'กลาง','นาย','นิธิศ','ศรีแย้ม','ยังดำเนินการอยู่'),(7,28,'ประชาธรรมไทย','นาย','อิทธิพล','ตัตวธร','ยังดำเนินการอยู่'),(7,29,'ประชากรไทย','ร้อยตำรวจตรี','เสน่ห์','ชัยทร','ยังดำเนินการอยู่'),(7,30,'มหาชน','นาย','สันต์สุข','ไตรเพทพิสัย','ยังดำเนินการอยู่'),(7,31,'ไทรักธรรม','นาย','กิตติพศ','กากาเคน','ยังดำเนินการอยู่'),(8,1,'เพื่อชาติ','นางสาว','วีรินทร์','ตันเสรีสกุล','ยังดำเนินการอยู่'),(8,2,'พลังประชารัฐ','นาย','กษิดิ์เดช','ชุติมันต์','ยังดำเนินการอยู่'),(8,3,'ภูมิใจไทย','นาง','จิณณา','สืบสายไทย','ยังดำเนินการอยู่'),(8,4,'ประชาชาติ','นาย','ศิรธันย์','แสงสินธุศร','ยังดำเนินการอยู่'),(8,5,'ประชาภิวัฒน์','นาย','สิทธา','แจ้งสุข','ยังดำเนินการอยู่'),(8,6,'เพื่อไทย','ร้อยโทหญิง','สุณิสา','ทิวากรดำรง','ยังดำเนินการอยู่'),(8,7,'เสรีรวมไทย','นางสาว','ปิณญาดา','ตันติมนตรี','ยังดำเนินการอยู่'),(8,8,'ชาติพัฒนา','นาย','กรกฤษณ์','วงศ์คุณหยก','ยังดำเนินการอยู่'),(8,9,'พลังธรรมใหม่','นาย','ผนึก','ธัญรส','ยังดำเนินการอยู่'),(8,10,'ชาติไทยพัฒนา','นางสาว','วราไพรินทร์','ธนวริสพร','ยังดำเนินการอยู่'),(8,11,'รวมพลังประชาชาติไทย','นาย','เจษฎา','ศรีสุข','ยังดำเนินการอยู่'),(8,12,'อนาคตใหม่','นาย','ธนเดช','เพ็งสุข','ยังดำเนินการอยู่'),(8,13,'ประชาชนปฏิรูป','นาย','ปราช','จันทองจีน','ยังดำเนินการอยู่'),(8,14,'ไทยศรีวิไลย์','นาย','ทนงศักดิ์','รักอารมณ์','ยังดำเนินการอยู่'),(8,15,'พลังท้องถิ่นไท','นางสาว','วันสว่าง','เต็มชำนาญ','ยังดำเนินการอยู่'),(8,16,'ประชาธิปัตย์','นาย','สรรเสริญ','สมะลาภา','ยังดำเนินการอยู่'),(8,17,'ประชานิยม','นางสาว','ณัฐภรณ์','ชมตระกูล','ยังดำเนินการอยู่'),(8,18,'ภราดรภาพ','นาย','รัชพล','เกิดศิลป์','ยังดำเนินการอยู่'),(8,19,'รักษ์ผืนป่าประเทศไทย','นาง','ธนพรรณ','ศุณะมาลัย','ยังดำเนินการอยู่'),(8,20,'กลาง','นาย','สนั่น','พานทอง','ยังดำเนินการอยู่'),(8,21,'ประชาธิปไตยใหม่','นาย','ประสิทธิ์','พงษ์สมบัติ','ยังดำเนินการอยู่'),(8,22,'เศรษฐกิจใหม่','นาง','สุมาลี','อินทะสุข','ยังดำเนินการอยู่'),(8,23,'ครูไทยเพื่อประชาชน','นางสาว','ธัญญธร','ยุวจิตติ','ยังดำเนินการอยู่'),(8,24,'พลังชาติไทย','นางสาว','รุ้งเพชร','ดิษฐศิริ','ยังดำเนินการอยู่'),(8,25,'พลังรัก','นาย','ปริชัย','ณิชกุลบุญเพ็ง','ยังดำเนินการอยู่'),(8,26,'มหาชน','นางสาว','ภิญญาภรณ์','คงพิทักษ์','ยังดำเนินการอยู่'),(8,27,'ประชาไทย','นางสาว','สิริอร','ลักษมีธนานันต์','ยังดำเนินการอยู่'),(8,28,'เพื่อนไทย','นาย','สันติ','การะลพ','ยังดำเนินการอยู่'),(8,29,'พลเมืองไทย','นางสาว','สุธาสินี','ลาเสือ','ยังดำเนินการอยู่'),(8,30,'ประชาธรรมไทย','นาย','ชัยชนะ','วงศ์จรรยา','ยังดำเนินการอยู่'),(8,31,'มติประชา','นางสาว','เบญสิร์ยา','อภิปัญรัศมิ์','ยังดำเนินการอยู่'),(8,32,'ภาคีเครือข่ายไทย','นางสาว','เบญจพร','ชำนิราชกิจ','ยังดำเนินการอยู่'),(8,33,'ถิ่นกาขาวชาววิไล','นาย','ไพฑูรย์','จันทร์วิบูลย์','ยังดำเนินการอยู่'),(8,34,'พลังศรัทธา','นาย','ชัยนิวัตน์','แสนวันนา','ยังดำเนินการอยู่'),(9,1,'ชาติไทยพัฒนา','พลตรี','เจริญ','สุดโสภา','ยังดำเนินการอยู่'),(9,2,'เพื่อไทย','นาย','สุรชาติ','เทียนทอง','ยังดำเนินการอยู่'),(9,3,'ประชาชาติ','นางสาว','นันทวัน','อินธิแสง','ยังดำเนินการอยู่'),(9,4,'เพื่อชาติ','นางสาว','ประภัสสร','ชูทอง','ยังดำเนินการอยู่'),(9,5,'ประชาธิปัตย์','พลตำรวจตรี','วิชัย','สังข์ประไพ','ยังดำเนินการอยู่'),(9,6,'พลังประชารัฐ','นาย','สิระ','เจนจาคะ','ยังดำเนินการอยู่'),(9,7,'ภูมิใจไทย','นาย','บวรกิตติ์','สันทัด','ยังดำเนินการอยู่'),(9,8,'ชาติพัฒนา','นาย','ชุมพล','รุ่งวิชานิวัฒน์','ยังดำเนินการอยู่'),(9,9,'พลังท้องถิ่นไท','นาย','ศุภกร','จงนภาศิริกูร','ยังดำเนินการอยู่'),(9,10,'ประชาชนปฏิรูป','นาย','ธัชชา','ภิรมย์ชาติ','ยังดำเนินการอยู่'),(9,11,'รวมพลังประชาชาติไทย','นาย','สุรวัช','สุนทรศารทูล','ยังดำเนินการอยู่'),(9,12,'อนาคตใหม่','นาย','กฤษณุชา','สรรเสริญ','ยังดำเนินการอยู่'),(9,13,'เสรีรวมไทย','นาย','ปัณณธร ','รัตน์ภูริเดช','ยังดำเนินการอยู่'),(9,14,'ประชาภิวัฒน์','นาย','พิชิต','จันทร์ประเสริฐ','ยังดำเนินการอยู่'),(9,15,'รักษ์ผืนป่าประเทศไทย','นาย','วีรพัส','เทพา','ยังดำเนินการอยู่'),(9,16,'ประชานิยม','นาย','ฐิตินันต์','ชวนอยู่','ยังดำเนินการอยู่'),(9,17,'ภราดรภาพ','นาย','ณัฐพล','วิสุทธิวงศ์','ยังดำเนินการอยู่'),(9,18,'มติประชา','นาง','อรอุสา','งามเบญจวิชัยกุล','ยังดำเนินการอยู่'),(9,19,'พลังประชาธิปไตย','นาย','พสันต์','ดิษเจริญ','ยังดำเนินการอยู่'),(9,20,'เศรษฐกิจใหม่','นาย','ศักดิภัทร์','สวามิวัสดุ์','ยังดำเนินการอยู่'),(9,21,'พลังปวงชนไทย','นาง','กรรวิการ์','บุตรเนียร','ยังดำเนินการอยู่'),(9,22,'ประชากรไทย','นาย','กฤษฎา','แรงสูงเนิน','ยังดำเนินการอยู่'),(9,23,'ครูไทยเพื่อประชาชน','นางสาว','โสพรรณา','ทิพย์โยธา','ยังดำเนินการอยู่'),(9,24,'พลังชาติไทย','นาย','ฐิตินันทน์','แก้วกิตติกาญจนา','ยังดำเนินการอยู่'),(9,25,'พลังไทสร้างชาติ','จ่าสิบเอก','ไพบูลย์','ภู่ธงแก้ว','ยังดำเนินการอยู่'),(9,26,'พลังสังคม','นาย','ธงชัย','เสี่ยงเทียนชัย','ยังดำเนินการอยู่'),(9,27,'พลังศรัทธา','นาย','สมปอง','เพิ่มมูล','ยังดำเนินการอยู่'),(9,28,'ประชาธิรรมไทย','นาย','รุ่งโรจน์','อิบรอฮีม','ยังดำเนินการอยู่'),(9,29,'มหาชน','นาย','ฟ้าใส','บินสุมัน','ยังดำเนินการอยู่'),(9,30,'ภาคีเครือข่ายไทย','นาง','กนกวรรณ','กล่ำเครือ','ยังดำเนินการอยู่'),(10,1,'เพื่อไทย','นาย','การุณ','โหสกุล','ยังดำเนินการอยู่'),(10,2,'ภูมิใจไทย','นางสาว','นิกกี้','จ้อยเอม','ยังดำเนินการอยู่'),(10,3,'รวมพลังประชาชาติไทย','นางสาว','กัญญาภัค','ปัญญวัต','ยังดำเนินการอยู่'),(10,4,'เสรีรวมไทย','นาย','เฉลิมพล','อุตรัตน์','ยังดำเนินการอยู่'),(10,5,'ชาติพัฒนา','นาย','ชนภัทท์','จันทรุเบกษา','ยังดำเนินการอยู่'),(10,6,'ชาติไทยพัฒนา','นาง','พนารัตน์','ยุกตานนท์','ยังดำเนินการอยู่'),(10,7,'เพื่อชาติ','นางสาว','กุฎารัศมิ์','กุลฉัตร','ยังดำเนินการอยู่'),(10,8,'ไทยศรีวิไลย์','ว่าที่ร้อยตรี','กุลเชษฐ','จีระออน','ยังดำเนินการอยู่'),(10,9,'ประชาชนปฏิรูป','นาย','กนก','โพธิสุวรรณ','ยังดำเนินการอยู่'),(10,10,'พลังท้องถิ่นไท','นาย','ชาลี','ชินรุจน์','ยังดำเนินการอยู่'),(10,11,'ประชาธิปัตย์','นาย','ธัญญ์นิธิ','ชวรัตน์นิธิโชติ','ยังดำเนินการอยู่'),(10,12,'ประชาชาติ','นาย','วัชรเดช','รูปขจร','ยังดำเนินการอยู่'),(10,13,'พลังประชารัฐ','นาง','กนกนุช','กลิ่นสังข์','ยังดำเนินการอยู่'),(10,14,'ประชาภิวัฒน์','นาย','ณฐกร','วรอุไร','ยังดำเนินการอยู่'),(10,15,'สยามพัฒนา','นาวาอากาศตรี','สมศักดิ์','วัดสังข์','ยังดำเนินการอยู่'),(10,16,'ประชานิยม','นาย','แพ','ทับทิมเพ็ชร','ยังดำเนินการอยู่'),(10,17,'อนาคตใหม่','นาย','ธนากร','ชินอุดมพร','ยังดำเนินการอยู่'),(10,18,'รักษ์ผืนป่าประเทศไทย','นาง','ทัศนีย์','พันธุ์เพียร','ยังดำเนินการอยู่'),(10,19,'มติประชา','นาย','วินิต','รัตนวงศ์','ยังดำเนินการอยู่'),(10,20,'พลังชาติไทย','นาย','โอวาท','พรหมพินิจ','ยังดำเนินการอยู่'),(10,21,'เศรษฐกิจใหม่','นางสาว','ปภาวรินท์','กลิ่นฟุ้ง','ยังดำเนินการอยู่'),(10,22,'ภราดรภาพ','นาย','ธกร','อำพันธ์เปรม','ยังดำเนินการอยู่'),(10,23,'ครูไทยเพื่อประชาชน','นาวาอากาศโท','โกสิต','แหนผัน','ยังดำเนินการอยู่'),(10,24,'ประชาธิปไตยใหม่','นาย','ปัณณวิชญ์','ไพเราะ','ยังดำเนินการอยู่'),(10,25,'แผ่นดินธรรม','นาย','สุเมธ','พลศิริ','ยังดำเนินการอยู่'),(10,26,'ประชาไทย','นาย','ภูวรา','มาตรศรี','ยังดำเนินการอยู่'),(10,27,'ภาคีเครือข่ายไทย','นาย','ไพบูลย์','บรรจง','ยังดำเนินการอยู่'),(10,28,'ประชาธรรมไทย','นาย','วิสายันต์','นีระวงศ์','ยังดำเนินการอยู่'),(10,29,'ไทรักธรรม','นาย','วชิร','สถาวรัตนกุล','ยังดำเนินการอยู่'),(11,1,'ประชาชาติ','นาย','อรรถภพ','ว่องธนวณิช','ยังดำเนินการอยู่'),(11,2,'รวมพลังประชาชาติไทย','นาย','ธัชนนท์','สว่างศรี','ยังดำเนินการอยู่'),(11,3,'ประชาภิวัฒน์','นาย','สำราญ','พีระเพ็ญกุล','ยังดำเนินการอยู่'),(11,4,'เสรีรวมไทย','นาย','ชูเดช','พันทวี','ยังดำเนินการอยู่'),(11,5,'พลังธรรมใหม่','นางสาว','พรทิพย์','ศรีสวัสดิ์','ยังดำเนินการอยู่'),(11,6,'ชาติไทยพัฒนา','นาย','แปลก','มาลีสี','ยังดำเนินการอยู่'),(11,7,'พลังประชารัฐ','นาย','อิทธิพัทธ์ ','เศรษฐยุกานนท์','ยังดำเนินการอยู่'),(11,8,'ประชาธิปัตย์','นาย','สมชาย','วสารัชตระกูล','ยังดำเนินการอยู่'),(11,9,'เพื่อชาติ','นาย','ภาคิน','นิธิโชติการ','ยังดำเนินการอยู่'),(11,10,'ภูมิใจไทย','นาย','ฉัตรวัชร์ ','ศรีธนะเวทย์','ยังดำเนินการอยู่'),(11,11,'ประชาชนปฏิรูป','นางสาว','สุมาตร ','จงนบกลาง','ยังดำเนินการอยู่'),(11,12,'เพื่อไทย','นาวาอากาศเอก','อนุดิษฐ์ ','นาครทรรพ','ยังดำเนินการอยู่'),(11,13,'อนาคตใหม่','นาย','นิกม์','แสงศิรินาวิน','ยังดำเนินการอยู่'),(11,14,'พลังท้องถิ่นไท','นาย','ศักดิ์ชาย ','อินทะแพทย์','ยังดำเนินการอยู่'),(11,15,'ชาติพัฒนา','พลโท','นุมนตรี ','วัฒนศิริ','ยังดำเนินการอยู่'),(11,16,'ประชานิยม','นางสาว','ดุษฎี ','อังคณาวิศัลย์','ยังดำเนินการอยู่'),(11,17,'พลังชาติไทย','นาย','กิตติภพ ','สิงอ่อน','ยังดำเนินการอยู่'),(11,18,'ประชาธิปไตยใหม่','นาย','นวพัฒน์ ','มโนหวัน','ยังดำเนินการอยู่'),(11,19,'เศรษฐกิจใหม่','นาย','สมชาย','ยนวิลาศ','ยังดำเนินการอยู่'),(11,20,'พลังปวงชนไทย','นาย','กิตติธร','เตชะกฤตเมธีพงศ์','ยังดำเนินการอยู่'),(11,21,'รักษ์ผืนป่าประเทศไทย','นาย','ธนนริศร์ ','ทิมทองกุลเสฏฐ์','ยังดำเนินการอยู่'),(11,22,'ครูไทยเพื่อประชาชน','นาย','อำนาจ','สุดใจนาค','ยังดำเนินการอยู่'),(11,23,'ไทยรักษาชาติ','นางสาว','ขัตติยดา','ไชยโย','ถูกศาลรัฐธรรมนูญสั่งยุบพรรค'),(11,24,'ภราดรภาพ','นางสาว','ธันย์สิตา','ชัยภูวเวโรจน์','ยังดำเนินการอยู่'),(11,25,'ประชาไทย','นางสาว','กัญญา','ปาลกะวงศ์ ณ อยุธยา','ยังดำเนินการอยู่'),(11,26,'พลังไทสร้างชาติ','สิบเอก','สิทธิชัย','แสงพันธุ์','ยังดำเนินการอยู่'),(11,27,'ประชาธรรมไทย','นางสาว','ทัศนีย์วรรณ','ชมดี','ยังดำเนินการอยู่'),(11,28,'พลังศรัทธา','นาย','กษาปณ์ ','บริบูรณ์','ยังดำเนินการอยู่'),(11,29,'สามัญชน','นาย','เอกวัฒน์ ','พิมพ์สวรรค์','ยังดำเนินการอยู่'),(11,30,'ไทยศรีวิไลย์','นาย','สิริสุข ','จันทร์แดง','ยังดำเนินการอยู่'),(11,31,'ภาคีเครือข่ายไทย','นางสาว','พิทยา','ชิดชูบัณฑิต','ยังดำเนินการอยู่'),(12,1,'อนาคตใหม่','นาย','เอราวัณ','วานิชย์หานนท์','ยังดำเนินการอยู่'),(12,2,'พลังธรรมใหม่','นาย','ณัฐดนัย','ชนิตร์วัฒน์','ยังดำเนินการอยู่'),(12,3,'เพื่อชาติ','นาย','ปิยะพงษ์','สาครเย็น','ยังดำเนินการอยู่'),(12,4,'รวมพลังประชาชาติไทย','นาย','ณัฐกร','มั่นจิตต์','ยังดำเนินการอยู่'),(12,5,'ชาติพัฒนา','นาย','สมศักดิ์','ภมรเรวดี','ยังดำเนินการอยู่'),(12,6,'ประชาธิปัตย์','นาย','รัฐพงศ์','ระหงษ์','ยังดำเนินการอยู่'),(12,7,'ชาติไทยพัฒนา','นาง','วริยดา','สาสิงห์','ยังดำเนินการอยู่'),(12,8,'เพื่อไทย','นาย','อนุสรณ์','ปั้นทอง','ยังดำเนินการอยู่'),(12,9,'พลังท้องถิ่นไท','นาย','ประสพโชค','ธรรมรักษา','ยังดำเนินการอยู่'),(12,10,'ประชาชาติ','นาย','มนตรี','บุญจรัส','ยังดำเนินการอยู่'),(12,11,'ภูมิใจไทย','นางสาว','ปราณี','เชื้อเกตุ','ยังดำเนินการอยู่'),(12,12,'พลังประชารัฐ','นางสาว','นพวรรณ','หัวใจมั่น','ยังดำเนินการอยู่'),(12,13,'เสรีรวมไทย','นาย','ธนกฤต','ธนิศราพงศ์','ยังดำเนินการอยู่'),(12,14,'รักษ์ผืนป่าประเทศไทย','นาย','สมบัติ','ตั้งก่อเกียรติ','ยังดำเนินการอยู่'),(12,15,'มหาชน','นาง','ธีติมา','พวงเพชรลาภ','ยังดำเนินการอยู่'),(12,16,'ประชาชนปฏิรูป','นาย','ปรีดา','ลิ้มนนทกุล','ยังดำเนินการอยู่'),(12,17,'มติประชา','นางสาว','นาตยา ','มาลีแย้ม','ยังดำเนินการอยู่'),(12,18,'ภราดรภาพ','นาย','เอนก','สนามชัย','ยังดำเนินการอยู่'),(12,19,'เพื่อแผ่นดิน','นาง','พรตชนก','จินดาวรรณ','ยังดำเนินการอยู่'),(12,20,'ประชานิยม','นาย','อัคราเชนทร์','ปิ่นวันนา','ยังดำเนินการอยู่'),(12,21,'ประชาธิปไตยใหม่','นาย','อิทธิพงศ์','พงษ์สมบัติ','ยังดำเนินการอยู่'),(12,22,'ทางเลือกใหม่','นาย','วชิระ','แซ่ตั้ง','ยังดำเนินการอยู่'),(12,23,'พลังปวงชนไทย','นาย','กิตติพงศ์','ท่าพิกุล','ยังดำเนินการอยู่'),(12,24,'เศรษฐกิจใหม่','นาย','วัชรินทร์','อนันต์หน่อ','ยังดำเนินการอยู่'),(12,25,'พลังชาติไทย','นาย','สุชาติ','ตาคำ','ยังดำเนินการอยู่'),(12,26,'ครูไทยเพื่อประชาชน','นางสาว','กนิษฐา','ทองอินทร์','ยังดำเนินการอยู่'),(12,27,'พลังไทยรักไทย','นาง','วิมลทิพย์','มนมณีไทย','ยังดำเนินการอยู่'),(12,28,'ประชาภิวัฒน์','นาย','ธนาวุฒิ','อาจจำเนียร','ยังดำเนินการอยู่'),(12,29,'ประชาไทย','นาย','อนุภาพ','วรรณวิชิต','ยังดำเนินการอยู่'),(12,30,'ประชาธรรมไทย','นาย','เดชาธร','รุ่งสว่างหิรัณย์','ยังดำเนินการอยู่'),(12,31,'พลังไทสร้างชาติ','นาย','วิชัย','ศุขะพันธุ์','ยังดำเนินการอยู่'),(12,32,'ประชากรไทย','นาย','สอาด','คงสกุล','ยังดำเนินการอยู่'),(12,33,'ภาคีเครือข่ายไทย','นาง','สิริรัชช์กร','อริยธนันกร','ยังดำเนินการอยู่'),(13,1,'เพื่อชาติ','นาง','พิมานมาศ ','ภิญญาวัฒน์','ยังดำเนินการอยู่'),(13,2,'รวมพลังประชาชาติไทย','นาย','เกตินิคม ','กฤษณะเศรณี','ยังดำเนินการอยู่'),(13,3,'เพื่อแผ่นดิน','นาย','อรรถ ','ชาญวิชัย','ยังดำเนินการอยู่'),(13,4,'ชาติไทยพัฒนา','ร้อยตำรวจเอก','ศักดิ์ชัย','จีรพรชัย','ยังดำเนินการอยู่'),(13,5,'เพื่อไทย','นาย','ตรีรัตน์','ศิริจันทโรภาส','ยังดำเนินการอยู่'),(13,6,'ภูมิใจไทย','นาย','อัครกฤษ','นุ่นจันทร์','ยังดำเนินการอยู่'),(13,7,'พลังธรรมใหม่','นาย','พรประชา','พรรษาสกุล','ยังดำเนินการอยู่'),(13,8,'ประชาธิปัตย์','นาย','พริษฐ์ ','วัชรสินธุ','ยังดำเนินการอยู่'),(13,9,'พลังประชารัฐ','นาย','ฐิติภัสร์ ','โชติเดชาชัยนันต์','ยังดำเนินการอยู่'),(13,10,'อนาคตใหม่','นางสาว','ณิชชา','บุญลือ','ยังดำเนินการอยู่'),(13,11,'ประชาภิวัฒน์','นาย','สมธีร์','แก้วกา','ยังดำเนินการอยู่'),(13,12,'ชาติพัฒนา','นาย','พรเทพ','จันทรนิภ','ยังดำเนินการอยู่'),(13,13,'พลังท้องถิ่นไท','นาย','กร','ศิรินาม','ยังดำเนินการอยู่'),(13,14,'ประชาชาติ','นาง','วรลักษณ์','ศรีสอาด','ยังดำเนินการอยู่'),(13,15,'ประชาชนปฏิรูป','นาย','ภัทรวรรธน์ ','ประวาหะนาวิน','ยังดำเนินการอยู่'),(13,16,'รักษ์ผืนป่าประเทศไทย','นาย','อภินันท์','ปลอดเปลี่ยว','ยังดำเนินการอยู่'),(13,17,'เสรีรวมไทย','นาย','เบญจรงค์','สวัสดิ์พาณิชย์','ยังดำเนินการอยู่'),(13,18,'ภราดรภาพ','นาย','สรสัณห์','อาภาภิรม','ยังดำเนินการอยู่'),(13,19,'ประชานิยม','นางสาว','ศิรินทร','อินทร','ยังดำเนินการอยู่'),(13,20,'ประชาธิปไตยใหม่','นาง','สมยงค์','ชมภูวิเศษ','ยังดำเนินการอยู่'),(13,21,'เศรษฐกิจใหม่','นาง','นิตยา','ชูกำเหนิด','ยังดำเนินการอยู่'),(13,22,'ทางเลือกใหม่','นาย','อานนท์','ไชยดวง','ยังดำเนินการอยู่'),(13,23,'ครูไทยเพื่อประชาชน','นาย','กิตติชัย','สิงหบุตร','ยังดำเนินการอยู่'),(13,24,'พลังไทยรักไทย','นาย','ธนาวุฒิ','บุญฤทธิ์','ยังดำเนินการอยู่'),(13,25,'พลังประชาธิปไตย','นาย','พิทักษ์','สุริยันต์','ยังดำเนินการอยู่'),(13,26,'พลังชาติไทย','นาย','เลิศเดช','รักไทย','ยังดำเนินการอยู่'),(13,27,'มหาชน','นาย','ธีรพัฒน์','บุญภิรักษ์','ยังดำเนินการอยู่'),(13,28,'พลังปวงชนไทย','นาย','คมฐณิษฎ์ ','ภษิกุญ','ยังดำเนินการอยู่'),(13,29,'พลเมืองไทย','นาย','เรวัต ','ปิยโชติสกุลชัย','ยังดำเนินการอยู่'),(13,30,'ประชาธรรมไทย','นาย','จอมพจน์ ','สร้อยสุวรรณ','ยังดำเนินการอยู่'),(13,31,'ไทรักธรรม','นาย','มนตรี ','ศิริวัฒนาวรากร','ยังดำเนินการอยู่'),(14,1,'ประชาชาติ','นาย','สรายุทธ์','นาทะพันธ์','ยังดำเนินการอยู่'),(14,2,'ภราดรภาพ','นางสาว','อัญชัญ','ชูสกุล','ยังดำเนินการอยู่'),(14,3,'ประชาภิวัฒน์','นาง','ฉวีวรรณ','อิ่มชื่น','ยังดำเนินการอยู่'),(14,4,'เสรีรวมไทย','นาย','ทัฬอิญ','จิรเปรมธนิก','ยังดำเนินการอยู่'),(14,5,'เพื่อไทย','นาย','พลภูมิ','วิภัติภูมิประเทศ','ยังดำเนินการอยู่'),(14,6,'ประชาธิปัตย์','นาย','พรพรหม','วิกิตเศรษฐ์','ยังดำเนินการอยู่'),(14,7,'ชาติพัฒนา','นาย','ณปภัช','จำปา','ยังดำเนินการอยู่'),(14,8,'ภูมิใจไทย','นาย','ชูชีพ','ตรีโภคา','ยังดำเนินการอยู่'),(14,9,'พลังประชารัฐ','นาย','ณริช','ผลานุรักษา','ยังดำเนินการอยู่'),(14,10,'อนาคตใหม่','นาย','ศุภชัย','กุลโชควณิช','ยังดำเนินการอยู่'),(14,11,'ชาติไทยพัฒนา','นาย','ปองเดช','ภิรมย์','ยังดำเนินการอยู่'),(14,12,'พลังธรรมใหม่','นาย','อำนวย','อินทสร','ยังดำเนินการอยู่'),(14,13,'ประชาชนปฏิรูป','นาย','ประทีป','มุสิกชาติ','ยังดำเนินการอยู่'),(14,14,'รวมพลังประชาชาติไทย','นาย','แมน','เจริญวัลย์','ยังดำเนินการอยู่'),(14,15,'เพื่อชาติ','นาย','ชวิศ','ชุมพล','ยังดำเนินการอยู่'),(14,16,'ไทยศรีวิไลย์','นาย','ตฤณธัป','เทพประสิทธิ์','ยังดำเนินการอยู่'),(14,17,'มหาชน','นาย','ณัฐวรรธน์','ถิระวัฒน์','ยังดำเนินการอยู่'),(14,18,'ประชานิยม','นาย','ธรรมศักดิ์','เติมจิตรอารีย์','ยังดำเนินการอยู่'),(14,19,'รักษ์ผืนป่าประเทศไทย','ว่าที่ร้อยโท','วีรพล','วงษ์มะเซาะ','ยังดำเนินการอยู่'),(14,20,'อนาคตไทย','นาย','ประวัติ','เทียนขุนทด','ยังดำเนินการอยู่'),(14,21,'พลังประชาธิปไตย','นาย','พีราวิชญ์','ปัจฉิมนันท์','ยังดำเนินการอยู่'),(14,22,'พลังชาติไทย','นาย','วีระ','อินทรโสภา','ยังดำเนินการอยู่'),(14,23,'เศรษฐกิจใหม่','นาย','สุพจน์','อินทะสุข','ยังดำเนินการอยู่'),(14,24,'ประชาธิปไตยใหม่','นาย','อภิรักษ์','เวียงพล','ยังดำเนินการอยู่'),(14,25,'พลังท้องถิ่นไท','นาง','ชิดชนก','รัตนวราหะ','ยังดำเนินการอยู่'),(14,26,'ครูไทยเพื่อประชาชน','นาย','ธนพัต','สารกิจอาภา','ยังดำเนินการอยู่'),(14,27,'เพื่อนไทย','นาย','สราวุธ','สุวิทยารัตน์','ยังดำเนินการอยู่'),(14,28,'พลังไทสร้างชาติ','นางสาว','พิสมัย','ศุขะพันธุ์','ยังดำเนินการอยู่'),(14,29,'พลเมืองไทย','นางสาว','จิตติมา','หมั่นดี','ยังดำเนินการอยู่'),(14,30,'ประชาธรรมไทย','นาย','รัชธิวรรษ์','รุ่งธีรกุล','ยังดำเนินการอยู่'),(14,31,'ภาคีเครือข่ายไทย','นางสาว','พรรณี','จิตตะ','ยังดำเนินการอยู่'),(14,32,'ถิ่นกาขาวชาววิไล','นาย','กันตพงศ์','คลอวุฒิวัฒน์','ยังดำเนินการอยู่'),(14,33,'พลเมืองไทย','นางสาว','จิตติมา','หมั่นดี','ยังดำเนินการอยู่'),(15,1,'ประชาธิปัตย์','นาย','ธนัตถ์','ธนากิจอำนวย','ยังดำเนินการอยู่'),(15,2,'อนาคตใหม่','นาย','อิงควัศ','อมาตยกุล','ยังดำเนินการอยู่'),(15,3,'พลังท้องถิ่นไท','นางสาว','กัญญฌัช','พรารักษ์','ยังดำเนินการอยู่'),(15,4,'ประชานิยม','นาย','สุรินทร์','งามขำ','ยังดำเนินการอยู่'),(15,5,'ประชาภิวัฒน์','ว่าที่ร้อยตรี','ศิริชัย','เอมสอาด','ยังดำเนินการอยู่'),(15,6,'เพื่อไทย','นาย','วิชาญ','มีนชัยนันท์','ยังดำเนินการอยู่'),(15,7,'ภูมิใจไทย','นาย','พงศ์ไพศาล','มะลูลีม','ยังดำเนินการอยู่'),(15,8,'เพื่อชาติ','นาย','สำคัญต่อชาติ','เอี่ยมอ่ำ','ยังดำเนินการอยู่'),(15,9,'ชาติพัฒนา','นาย','กันตชนม์','ศิวะพิมล','ยังดำเนินการอยู่'),(15,10,'ประชาชนปฏิรูป','นาย','พัลลภ','มีพันธ์','ยังดำเนินการอยู่'),(15,11,'ประชาชาติ','นาง','ทัศนีย์','ชลายนเดชะ','ยังดำเนินการอยู่'),(15,12,'พลังประชารัฐ','นาย','ชาญวิทย์','วิภูศิริ','ยังดำเนินการอยู่'),(15,13,'เสรีรวมไทย','นาย','คณิต','สุขรัตน์','ยังดำเนินการอยู่'),(15,14,'ชาติไทยพัฒนา','นาย','กอบชัย','ซาบุตร','ยังดำเนินการอยู่'),(15,15,'ไทยศรีวิไลย์','นาย','บัณฑิตพงศ์','พรพิรุณ','ยังดำเนินการอยู่'),(15,16,'รวมพลังประชาชาติไทย','นางสาว','ภัทพร','ธนวัฒน์ธาดา','ยังดำเนินการอยู่'),(15,17,'พลังประชาธิปไตย','นาย','ณรงค์','วงศ์แดง','ยังดำเนินการอยู่'),(15,18,'ประชาธิปไตยใหม่','นาง','พรศิริ','จตุรพิพิธพรชัย','ยังดำเนินการอยู่'),(15,19,'รักษ์ผืนป่าประเทศไทย','นาง','พรรณภา','กั้วพิศมัย','ยังดำเนินการอยู่'),(15,20,'เศรษฐกิจใหม่','นาย','วุฒิชัย','จุลวงศ์','ยังดำเนินการอยู่'),(15,21,'พลังปวงชนไทย','นาย','ชัยพงษ์','นาสวัสดิ์','ยังดำเนินการอยู่'),(15,22,'พลังชาติไทย','นางสาว','ปณัฎฎา','อิลาชาน','ยังดำเนินการอยู่'),(15,23,'ครูไทยเพื่อประชาชน','นาย','ธน','สารกิจอาภา','ยังดำเนินการอยู่'),(15,24,'พลังสังคม','นาย','สัจจวัฒน์','แป้นประเสริฐ','ยังดำเนินการอยู่'),(15,25,'กลาง','นางสาว','สุรัสวดี','ตรีเหรา','ยังดำเนินการอยู่'),(15,26,'มหาชน','นางสาว','กัญรภัส','ด้วงมหาสอน','ยังดำเนินการอยู่'),(15,27,'พลังรัก','นาย','ภิรมย์','หัทยานนท์','ยังดำเนินการอยู่'),(15,28,'พลเมืองไทย','นางสาว','พิมพ์ลดา','จันทร์ศิริสกุล','ยังดำเนินการอยู่'),(15,29,'ภราดรภาพ','นางสาว','อิสรีย์','โชติพันธุ์','ยังดำเนินการอยู่'),(15,30,'ภาคีเครือข่ายไทย','นาย','สุริยา','จันทรเสนา','ยังดำเนินการอยู่'),(15,31,'ถิ่นกาขาวชาววิไล','นาย','สุชาติ','สามสี','ยังดำเนินการอยู่'),(15,32,'ไทรักธรรม','นางสาว','เสาวลักษณ์','เทศชาติ','ยังดำเนินการอยู่'),(16,1,'ประชาชาติ','นาย','ฐาคณิษฐ์','พรทองประเสริฐ','ยังดำเนินการอยู่'),(16,2,'ภราดรภาพ','นาย','นพฤทธิ์','แพทยานนท์','ยังดำเนินการอยู่'),(16,3,'ชาติไทยพัฒนา','นาย','เทวา','ปาลกะวงศ์ ณ อยุธยา','ยังดำเนินการอยู่'),(16,4,'ภูมิใจไทย','นาย','บุญมี','พิบูลย์คณารักษ์','ยังดำเนินการอยู่'),(16,5,'เสรีรวมไทย','นาย','นิพัทธ์พนธ์','สุวรรณชนะ','ยังดำเนินการอยู่'),(16,6,'เพื่อไทย','นาย','จิรายุ','ห่วงทรัพย์','ยังดำเนินการอยู่'),(16,7,'ประชาชนปฏิรูป','นาย','ธนพล','นิมิตตานนท์','ยังดำเนินการอยู่'),(16,8,'ประชาภิวัฒน์','ว่าที่ร้อยตำรวจตรี','กอบโชค','บุญจันทร์','ยังดำเนินการอยู่'),(16,9,'ชาติพัฒนา','นาย','ปริญญา','มานวงค์','ยังดำเนินการอยู่'),(16,10,'รวมพลังประชาชาติไทย','นาย','กิตติศักดิ์','ทาทิพย์','ยังดำเนินการอยู่'),(16,11,'พลังประชารัฐ','นางสาว','เกศกานดา','อินช่วย','ยังดำเนินการอยู่'),(16,12,'ประชาธิปัตย์','นาง','ฮูวัยดีย๊ะ','พิศสุวรรณ','ยังดำเนินการอยู่'),(16,13,'อนาคตใหม่','นาย','วาทิศ','ธนกิจกาศมณี','ยังดำเนินการอยู่'),(16,14,'พลังท้องถิ่นไท','นาย','ธนพล','ธราพร','ยังดำเนินการอยู่'),(16,15,'ถิ่นกาขาวชาววิไล','นาง','รุ่งฤดี','กิตธารเมธี','ยังดำเนินการอยู่'),(16,16,'รักษ์ผืนป่าประเทศไทย','นางสาว','ทัดดาว','พุ่มสอาด','ยังดำเนินการอยู่'),(16,17,'เพื่อชาติ','นาย','เตชะธร','สุขชัยศรี','ยังดำเนินการอยู่'),(16,18,'ประชานิยม','นางสาว','รสริน','วงค์เมตตา','ยังดำเนินการอยู่'),(16,19,'พลังชาติไทย','นาย','สุรกฤษฏิ์','มาลีสี','ยังดำเนินการอยู่'),(16,20,'พลังไทยรักชาติ','นาย','สาคเรศ','แป้นบางนา','ยังดำเนินการอยู่'),(16,21,'พลังปวงชนไทย','นาง','ณัฐสิตาพัชร','แก้วก่า','ยังดำเนินการอยู่'),(16,22,'เศรษฐกิจใหม่','นาวาอากาศเอกพิเศษ','ผดุง','แสนสุข','ยังดำเนินการอยู่'),(16,23,'ประชาธิปไตยใหม่','นาย','ศุภโชค','มุ่งดี','ยังดำเนินการอยู่'),(16,24,'ครูไทยเพื่อประชาชน','นางสาว','ณัฏฐ์รดา','ประเสริฐธิติพร','ยังดำเนินการอยู่'),(16,25,'พลังไทยรักไทย','นางสาว','จารุพรรณ','แซ่เบ๊','ยังดำเนินการอยู่'),(16,26,'แผ่นดินธรรม','นางสาว','สุพรรณพิมพ์','เสนาะพิน','ยังดำเนินการอยู่'),(16,27,'มหาชน','นาย','พรชัย','พยนต์ภาค','ยังดำเนินการอยู่'),(16,28,'พลังธรรมใหม่','ร้อยตำรวจตรี','รัชต์ทพงษ์','โพธิ์ชัยจตุภัทร','ยังดำเนินการอยู่'),(16,29,'พลังไทสร้างชาติ','นาง','ณัฐมน','เจียมจิรอานนท์','ยังดำเนินการอยู่'),(16,30,'ประชาธรรมไทย','นาย','สมเนศ','พงค์เกื้อ','ยังดำเนินการอยู่'),(16,31,'ภาคีเครือข่ายไทย','นางสาว','มิณชิตา','รุ่งรัตน์ธร','ยังดำเนินการอยู่'),(17,1,'อนาคตใหม่','นางสาว','จุฬาลักษณ์','รุ่งเรืองมงคล','ยังดำเนินการอยู่'),(17,2,'พลังปวงชนไทย','นาย','เทเวศวร์','ทองศรี','ยังดำเนินการอยู่'),(17,3,'พลังประชาธิปไตย','นาย','ชุมพล','พุฒซ้อน','ยังดำเนินการอยู่'),(17,4,'รวมพลังประชาชาติไทย','นาย','วสันต์','มีวงษ์','ยังดำเนินการอยู่'),(17,5,'รักษ์ผืนป่าประเทศไทย','นาย','สมัย','เปลี่ยนเดชา','ยังดำเนินการอยู่'),(17,6,'ประชาธิปัตย์','นางสาว','เบญญาภา','เกษประดิษฐ','ยังดำเนินการอยู่'),(17,7,'เสรีรวมไทย','นาย','เสนาะ','เพ็ชบุรี','ยังดำเนินการอยู่'),(17,8,'ภูมิใจไทย','นาย','สุรชัย','เปล่งแสง','ยังดำเนินการอยู่'),(17,9,'เพื่อไทย','นาย','พโรจน์','อิสระเสรีพงษ์','ยังดำเนินการอยู่'),(17,10,'พลังประชารัฐ','นาย','ศิริพงษ์','รัสมี','ยังดำเนินการอยู่'),(17,11,'พลังธรรมใหม่','นาย','พูนลาภ','สุมะนะ','ยังดำเนินการอยู่'),(17,12,'ประชาชนปฏิรูป','นาย','ภูวกร','รัตนพานิช','ยังดำเนินการอยู่'),(17,13,'ชาติพัฒนา','นาย','ชัชชัย','ธรรมแสงสีเงิน','ยังดำเนินการอยู่'),(17,14,'พลังท้องถิ่นไท','นาง','บุษบา','พุ่มพวง','ยังดำเนินการอยู่'),(17,15,'ประชานิยม','นาย','วิภาค','ตันติกิจชาญชัย','ยังดำเนินการอยู่'),(17,16,'ชาติไทยพัฒนา','นาย','อวยชัย','ปิยธรรมชัย','ยังดำเนินการอยู่'),(17,17,'เพื่อชาติ','นาย','พชรพงษ์','พงษ์สิทธิศักดิ์','ยังดำเนินการอยู่'),(17,18,'ไทยศรีวิไลย์','นาย','ธนวัฒน์','พุกอุย','ยังดำเนินการอยู่'),(17,19,'ภราดรภาพ','นางสาว','พลอยปภัค','เจนวิวัฒน์สกุล','ยังดำเนินการอยู่'),(17,20,'ประชาชาติ','นาย','วัฒนโชติ','เจริญวงษ์','ยังดำเนินการอยู่'),(17,21,'พลังไทยรักชาติ','นาย','โรจน์ภูริจินดา','สหฐานมณี','ยังดำเนินการอยู่'),(17,22,'ประชาธิปไตยใหม่','นาง','วารี','หงษ์กลาง','ยังดำเนินการอยู่'),(17,23,'พลังชาติไทย','นาย','สุรพล','โชติช่วง','ยังดำเนินการอยู่'),(17,24,'ครูไทยเพื่อประชาชน','นางสาว','สุกัญญา','อินมณเฑียร','ยังดำเนินการอยู่'),(17,25,'ประชากรไทย','นาง','กุสุมา','เด่นเจริญ','ยังดำเนินการอยู่'),(17,26,'เศรษฐกิจใหม่','นาย','ถนอม','หนวดงาม','ยังดำเนินการอยู่'),(17,27,'ประชาภิวัฒน์','นาง','เบญจพรรณ','นิวัติศัยวงศ์','ยังดำเนินการอยู่'),(17,28,'พลังไทสร้างชาติ','นาย','ธนดล','จันทร์สุนทร','ยังดำเนินการอยู่'),(17,29,'กลาง','นาย','กัณฑ์','พรหมสุวรรณ์','ยังดำเนินการอยู่'),(17,30,'ประชาธรรมไทย','นาย','สุรชัย','บัวเจริญ','ยังดำเนินการอยู่'),(17,31,'มหาชน','นางสาว','อิษยา','ทิพย์สุโข','ยังดำเนินการอยู่'),(17,32,'พลเมืองไทย','นาง','นภาพร','วัฒนสิงหะ','ยังดำเนินการอยู่'),(17,33,'แทนคุณแผ่นดิน','นาง','กนกวรรณ','กลิ่นสาท','ยังดำเนินการอยู่'),(17,34,'ภาคีเครือข่ายไทย','นางสาว','นิตยา','ทองอ้ม','ยังดำเนินการอยู่'),(17,35,'ถิ่นกาขาวชาววิไล','นาย','ชนะโชค','ศรีสุวรรณรัตน์','ยังดำเนินการอยู่'),(17,36,'ไทรักธรรม','นางสาว','ศุภกรชนา','จำปาแก้ว','ยังดำเนินการอยู่'),(18,1,'พลังประชารัฐ','นาย','วิสูตร','สำเร็จวาณิชย์','ยังดำเนินการอยู่'),(18,2,'เสรีรวมไทย','นาย','วันชัย','รัตนขจรไชย','ยังดำเนินการอยู่'),(18,3,'ชาติไทยพัฒนา','นาย','เชาวฤทธิ์','ทรงนวรัตน์','ยังดำเนินการอยู่'),(18,4,'ประชาชาติ','นาย','ธนวัฒน์','ศรีสุข','ยังดำเนินการอยู่'),(18,5,'พลังท้องถิ่นไท','นาวาอากาศตรี','ปุญณัฐส์','นำพา','ยังดำเนินการอยู่'),(18,6,'รักษ์ผืนป่าประเทศไทย','นาย','บุญเกิด','โรจนดิษฐ์','ยังดำเนินการอยู่'),(18,7,'พลังธรรมใหม่','นาย','พุฒิพรชัย','พัฒนาบุญไพบูลย์','ยังดำเนินการอยู่'),(18,8,'ภูมิใจไทย','นาย','สมศักดิ์ ','ศรีสมุทร์','ยังดำเนินการอยู่'),(18,9,'ประชาธิปัตย์','นาย','อนันต์','ฤกษ์ดี','ยังดำเนินการอยู่'),(18,10,'ชาติพัฒนา','นาย','ณเดโช','ตันต้นตระกูล','ยังดำเนินการอยู่'),(18,11,'อนาคตใหม่','นาย','เอกฤทธิ ','เจียกขจร','ยังดำเนินการอยู่'),(18,12,'ประชาภิวัฒน์','นาย','มัธชัยยะ','อุ่นซิม','ยังดำเนินการอยู่'),(18,13,'เพื่อชาติ','นาย','สนองพล','การะเกษ','ยังดำเนินการอยู่'),(18,14,'รวมพลังประชาชาติไทย','นาย','สุเทพ','บรรจง','ยังดำเนินการอยู่'),(18,15,'เพื่อไทย','นางสาว','ธีรรัตน์','สำเร็จวาณิชย์','ยังดำเนินการอยู่'),(18,16,'ประชานิยม','นาย','กันตพงศ์','เกิดเจริญ','ยังดำเนินการอยู่'),(18,17,'ประชาธิิปไตยใหม่','นางสาว','สิรพัชร ','ชมภูวิเศษ','ยังดำเนินการอยู่'),(18,18,'ภราดรภาพ','นาย','ถนอมชัย','เลิศลักขณากุล','ยังดำเนินการอยู่'),(18,19,'ประชาชนปฏิรูป','นางสาว','ปิ่นญาภรณ์ ','บารมีนิธิวัฒน์','ยังดำเนินการอยู่'),(18,20,'พลังชาติไทย','นาย','สมประสงค์','ผดุงตระกูล','ยังดำเนินการอยู่'),(18,21,'ครูไทยเพื่อประชาชน','นาย','สุรสีห์','ธรรมวงษ์ศา','ยังดำเนินการอยู่'),(18,22,'ไทยศรีวิไลย์','นาย','อนันต์ ','หลงพันธ์','ยังดำเนินการอยู่'),(18,23,'พลังไทสร้างชาติ','นาง','สิริกร','ชัยรัตน์','ยังดำเนินการอยู่'),(18,24,'ประชาธรรมไทย','นาย','ไสว','เงินสยาม','ยังดำเนินการอยู่'),(18,25,'พลเมืองไทย','นางสาว','พิมพ์นุชา','ธรรมโชติ','ยังดำเนินการอยู่'),(18,26,'มหาชน','นาง','ยุพวรรณ','รักติประกร','ยังดำเนินการอยู่'),(18,27,'ภาคีเครือข่ายไทย','นางสาว','วิไล','ชื่นชม','ยังดำเนินการอยู่'),(18,28,'ไทรักธรรม','นางสาว','ภูษณิศา','นิ่มเจริญ','ยังดำเนินการอยู่'),(18,29,'เศรษฐกิจใหม่','นางสาว','พิมพ์ชยา','สุรสาระพันธุ์','ยังดำเนินการอยู่'),(19,1,'เพื่อไทย','นาย','วิตต์','ก้องธรนินทร์','ยังดำเนินการอยู่'),(19,2,'ประชาภิวัฒน์','นาย','แมน','สมจิตต์','ยังดำเนินการอยู่'),(19,3,'อนาคตใหม่','นาย','สุรกฤณ','ลิมปรัทกาญจนา','ยังดำเนินการอยู่'),(19,4,'เพื่อแผ่นดิน','นาย','วันชัย','รัตนเมธีดล','ยังดำเนินการอยู่'),(19,5,'รวมพลังประชาชาติไทย','นาย','ปราโมทย์','บุญชู','ยังดำเนินการอยู่'),(19,6,'เพื่อชาติ','นาย','ตะวัน','กาญจนะโกมล','ยังดำเนินการอยู่'),(19,7,'ชาติไทยพัฒนา','นาย','นพดล','วรศรี','ยังดำเนินการอยู่'),(19,8,'ภูมิใจไทย','นาย','สามารถ','หวังพิทักษ์','ยังดำเนินการอยู่'),(19,9,'พลังประชารัฐ','นาย','ประสิทธิ์','มะหะหมัด','ยังดำเนินการอยู่'),(19,10,'ชาติพัฒนา','นาง','เขมจิรา','พชรจรวยพร','ยังดำเนินการอยู่'),(19,11,'รักษ์ผืนป่าประเทศไทย','นางสาว','มัทนา','ศรีกระจ่าง','ยังดำเนินการอยู่'),(19,12,'ประชาชนปฏิรูป','นาง','คำออน','แก้วอินศรี','ยังดำเนินการอยู่'),(19,13,'พลังธรรมใหม่','นาย','ทวี','พัฒนาบุญไพบูลย์','ยังดำเนินการอยู่'),(19,14,'ประชาธิปัตย์','นาง','นาถยา','แดงบุหงา','ยังดำเนินการอยู่'),(19,15,'พลังท้องถิ่นไท','นาย','ไพฑูรย์','ดาณีสมัน','ยังดำเนินการอยู่'),(19,16,'เสรีรวมไทย','นาย','ปรีชาชัย','พิพรรธน์ธนาดุล','ยังดำเนินการอยู่'),(19,17,'ประชาชาติ','นาย','มูฮัมหมัดรุสดี','เชคฮารูณ','ยังดำเนินการอยู่'),(19,18,'ภราดรภาพ','นาย','ไชยพร','พรตรีสัตย์','ยังดำเนินการอยู่'),(19,19,'ประชานิยม','นางสาว','รุ่งทิวา','อำนวยพร','ยังดำเนินการอยู่'),(19,20,'เศรษฐกิจใหม่','นาง','อาศิระ','ประวัติยากูร','ยังดำเนินการอยู่'),(19,21,'ครูไทยเพื่อประชาชน','นาย','ชาย','โมระศิลปิน','ยังดำเนินการอยู่'),(19,22,'พลังไทยรักไทย','นาง','สุภาวดี','บางใหญ่','ยังดำเนินการอยู่'),(19,23,'มหาชน','นาย','วีระ','เชื้อนุ่น','ยังดำเนินการอยู่'),(19,24,'ประชาธิปไตยใหม่','นาย','ศรศิลป์','สายตา','ยังดำเนินการอยู่'),(19,25,'พลังชาติไทย','นาย','บวรวิช','รักไทย','ยังดำเนินการอยู่'),(19,26,'พลเมืองไทย','นาย','ธีรเสฏฐ์','เนตรทอง','ยังดำเนินการอยู่'),(19,27,'ภาคีเครือข่ายไทย','นาย','ทัตเทพ','รติภูมิ','ยังดำเนินการอยู่'),(19,28,'ประชาธรรมไทย','นางสาว','ปริญสิรา','สังข์อ่ำ','ยังดำเนินการอยู่'),(19,29,'พลังไทสร้างชาติ','นาย','มารุด','ปาทาน','ยังดำเนินการอยู่'),(19,30,'ไทรักธรรม','นาง','ยุพิน','คงแก้ว','ยังดำเนินการอยู่'),(20,1,'เพื่อชาติ','นางสาว','นภาพัฒน์','เอนกพงษ์','ยังดำเนินการอยู่'),(20,2,'อนาคตใหม่','นาย','มณฑล','โพธิ์คาย','ยังดำเนินการอยู่'),(20,3,'เสรีรวมไทย','นาย','ศตคุณ','จูฑะพุทธิ','ยังดำเนินการอยู่'),(20,4,'ประชาภิวัฒน์','นาย','อธิภพ','บัวเผื่อน','ยังดำเนินการอยู่'),(20,5,'รักษ์ผืนป่าประเทศไทย','นาย','ณฐกร','แพรไพศาล','ยังดำเนินการอยู่'),(20,6,'พลังประชารัฐ','นาย','ธันวา','ไกรฤกษ์','ยังดำเนินการอยู่'),(20,7,'ไทยรักษาชาติ','นาย','ธกร','เลาหพงศ์ชนะ','ถูกศาลรัฐธรรมนูญสั่งยุบพรรค'),(20,8,'รวมพลังประชาชาติไทย','นาย','ณรงค์','จงแจ่มฟ้า','ยังดำเนินการอยู่'),(20,9,'ชาติพัฒนา','นาย','พงษ์สวัสดิ์','วงศ์ธีระสูตร','ยังดำเนินการอยู่'),(20,10,'ประชาชนปฏิรูป','นาย','บัญญัติ','ทองประสงค์','ยังดำเนินการอยู่'),(20,11,'ประชาธิปัตย์','นาย','สามารถ','มะลูลีม','ยังดำเนินการอยู่'),(20,12,'ประชาชาติ','นาย','ตอฮา','นาคนาวา','ยังดำเนินการอยู่'),(20,13,'ภูมิใจไทย','นาย','ณัทวุฒิ','หมัดนุรักษ์','ยังดำเนินการอยู่'),(20,14,'ชาติไทยพัฒนา','นาย','วรทัศน์','ทิมกระจ่าง','ยังดำเนินการอยู่'),(20,15,'พลังท้องถิ่นไท','นาย','ภูมิเศรษฐ','พุทธวงศ์','ยังดำเนินการอยู่'),(20,16,'มหาชน','นาย','ทินนาถ','วัฒนวิทย์','ยังดำเนินการอยู่'),(20,17,'ประชาธิปไตยใหม่','นางสาว','นฤมล','ถึกวิถาน','ยังดำเนินการอยู่'),(20,18,'พลังชาติไทย','นาย','สอาด','อาจวงษ์','ยังดำเนินการอยู่'),(20,19,'ประชานิยม','นาย','ธนัท','วงษ์วานิชขจร','ยังดำเนินการอยู่'),(20,20,'ถิ่นกาขาวชาววิไล','นาง','จิรดา','พุฒตาล','ยังดำเนินการอยู่'),(20,21,'พลังไทยรักไทย','นาย','ศักดิ์สิทธิ์','มงคล','ยังดำเนินการอยู่'),(20,22,'พลังไทสร้างชาติ','นาง','ดุริยา','เสนาะยนต์','ยังดำเนินการอยู่'),(20,23,'เศรษฐกิจใหม่','นางสาว','ทิพยวรรณ','แสงสาคร','ยังดำเนินการอยู่'),(20,24,'ประชาธรรมไทย','นาย','ศราวุธ','นาวากิจกุล','ยังดำเนินการอยู่'),(20,25,'ครูไทยเพื่อประชาชน','นางสาว','ศศิมา','โรจนรัตน์','ยังดำเนินการอยู่'),(20,26,'แผ่นดินธรรม','นาย','สัญญา','พุทธเจริญลาภ','ยังดำเนินการอยู่'),(20,27,'ภาคีเครือข่ายไทย','นาย','เสฎฐวุฒิ','แซ่อึ้ง','ยังดำเนินการอยู่'),(20,28,'พลเมืองไทย','นาย','จักรกฤษ','ขันอาสา','ยังดำเนินการอยู่'),(20,29,'ภราดรภาพ','นาย','สมใจ','ชื่นศรีสว่าง','ยังดำเนินการอยู่'),(20,30,'กลาง','นาย','เผ่าชนะ','ชูเวช','ยังดำเนินการอยู่'),(20,31,'ไทรักธรรม','นาย','กิตติธัช','ณรงค์ชัย','ยังดำเนินการอยู่'),(21,1,'เพื่อชาติ','นางสาว','ณัฐภัสสร','ธนาบวรพาณิชย์','ยังดำเนินการอยู่'),(21,2,'พลังประชารัฐ','นางสาว','จักรีรัตน์','แสงวารี','ยังดำเนินการอยู่'),(21,3,'ชาติไทยพัฒนา','นางสาว','วาสนา','คร้ามวงษ์','ยังดำเนินการอยู่'),(21,4,'พลังธรรมใหม่','นาย','ศุภโชติ','บริสุทธิ์พงศ์','ยังดำเนินการอยู่'),(21,5,'อนาคตใหม่','นาย','สมเกียรติ','ถนอมสินธุ์','ยังดำเนินการอยู่'),(21,6,'ประชาธิปัตย์','นาย','สุทธิ','ปัญญาสกุลวงศ์','ยังดำเนินการอยู่'),(21,7,'ประชาชาติ','นาย','ทวีพงศ์','สุธรรมพันธุ์','ยังดำเนินการอยู่'),(21,8,'ภูมิใจไทย','นาย','สมัย','โกกเจริญพงศ์','ยังดำเนินการอยู่'),(21,9,'เสรีรวมไทย','นาย','ศิวโรจณ์','แสงจรัสโชติ','ยังดำเนินการอยู่'),(21,10,'ประชาชนปฏิรูป','นาง','นัทธมน','จิระคุณ','ยังดำเนินการอยู่'),(21,11,'ประชาภิวัฒน์','นาย','ชยุต','ฐิติทรงภพ','ยังดำเนินการอยู่'),(21,12,'ไทยรักษาชาติ','นาย','กวีวงศ์','อยู่วิจิตร','ถูกศาลรัฐธรรมนูญสั่งยุบพรรค'),(21,13,'ประชานิยม','นางสาว','ชัญญา','พงศ์ผลิน','ยังดำเนินการอยู่'),(21,14,'รักษ์ผืนป่าประเทศไทย','นางสาว','สวิชญา','วาทะพุกกะณะ','ยังดำเนินการอยู่'),(21,15,'รวมพลังประชาชาติไทย','นาย','ศิรพัศ','ปัญญาทวีกูล','ยังดำเนินการอยู่'),(21,16,'กลาง','นางสาว','บุญเรือง','คำศิลา','ยังดำเนินการอยู่'),(21,17,'เศรษฐกิจใหม่','นางสาว','ณัฏฐิยา','จยะสกุล','ยังดำเนินการอยู่'),(21,18,'ชาติพัฒนา','นางสาว','ไพลิน','ชดช้อย','ยังดำเนินการอยู่'),(21,19,'พลังชาติไทย','นาย','คมค์ปภัส','ตั้งธนสิรินนท์','ยังดำเนินการอยู่'),(21,20,'ครูไทยเพื่อประชาชน','นาย','สุริยา','เรียนสร้อย','ยังดำเนินการอยู่'),(21,21,'พลังท้องถิ่นไท','นาง','มนิดา','ศิริชัยประเสริฐ','ยังดำเนินการอยู่'),(21,22,'มหาชน','นาย','ณัฐพล','ยังน้อย','ยังดำเนินการอยู่'),(21,23,'ภราดรภาพ','นางสาว','ณัฐวลัย','เนียนขาว','ยังดำเนินการอยู่'),(21,24,'ประชาธิปไตยใหม่','นาย','ทศพล','ธรรมธนิศา','ยังดำเนินการอยู่'),(21,25,'พลังไทสร้างชาติ','นางสาว','รุ่งทิพย์','กุฎาธารพันธุ์','ยังดำเนินการอยู่'),(21,26,'ภาคีเครือข่ายไทย','นางสาว','แคทลียา','หลุยส์ รีด','ยังดำเนินการอยู่'),(21,27,'พลเมืองไทย','นางสาว','วนิดา','แจ่มแจ้ง','ยังดำเนินการอยู่'),(22,1,'พลังท้องถิ่นไท','นาย','โชคชัย','อินทรประเสริฐ','ยังดำเนินการอยู่'),(22,2,'รวมพลังประชาชาติไทย','นาย','ฤทธิ์กร','เทศน์สาลี','ยังดำเนินการอยู่'),(22,3,'ทางเลือกใหม่','นาย','สมชาย','จรุญวงษ์','ยังดำเนินการอยู่'),(22,4,'เสรีรวมไทย','นาย','วันชัย','ชัยณรงค์โลกา','ยังดำเนินการอยู่'),(22,5,'ชาติไทยพัฒนา','นาย','จิรเสกข์ ','วัฒนมงคล','ยังดำเนินการอยู่'),(22,6,'ประชาชาติ','พันตำรวจโท','วัลลภ','ณ นคร','ยังดำเนินการอยู่'),(22,7,'อนาคตใหม่','นาย','เท่าพิภพ','ลิ้มจิตรกร','ยังดำเนินการอยู่'),(22,8,'ไทยศรีวิไลย์','นาย','อโนชา','สกุลธนพันธ์','ยังดำเนินการอยู่'),(22,9,'ชาติพัฒนา','นาย','สุรพล','เมฆะอำนวยชัย','ยังดำเนินการอยู่'),(22,10,'ไทยรักษาชาติ','นาง','สราริน','ชาลีวรรณ','ถูกศาลรัฐธรรมนูญสั่งยุบพรรค'),(22,11,'ปพลังประชารัฐ','นาย','ศันสนะ','สุริยะโยธิน','ยังดำเนินการอยู่'),(22,12,'ประชาภิวัฒน์','ร้อยตำรวจโท','บุณทวี','คณโฑแก้ว','ยังดำเนินการอยู่'),(22,13,'ภูมิใจไทย','นางสาว','สายรุ้ง','ปิ่นโมรา','ยังดำเนินการอยู่'),(22,14,'ประชาธิปัตย์','นาย','สรุรันต์','จันทร์พิทักษ์','ยังดำเนินการอยู่'),(22,15,'เพื่อชาติ','เรือเอก','สำรวม','บุญทัน','ยังดำเนินการอยู่'),(22,16,'แผ่นดินธรรม','นาย','มนต์สัณฑ์','อิรรถปรีชาพล','ยังดำเนินการอยู่'),(22,17,'รักษ์ผืนป่าประเทศไทย','นาย','จุมพฏ กระบวนยุทธ ','เลขะพันธุ์','ยังดำเนินการอยู่'),(22,18,'ประชานิยม','นางสาว','กวินรัตน์','หิรัญศิริภาคย์','ยังดำเนินการอยู่'),(22,19,'ภราดรภาพ','นางสาว','กุลภัสสรณ์','ฤกษ์ศิริรัตน์','ยังดำเนินการอยู่'),(22,20,'กลาง','นาง','จันทนา','แสนสำราญ','ยังดำเนินการอยู่'),(22,21,'ประชาชนปฏิรูป','นาย','เปรม','ซิงห์กิล','ยังดำเนินการอยู่'),(22,22,'พลังปวงชนไทย','นาย','นัทธพงศ์ ','ธรรมวณิช','ยังดำเนินการอยู่'),(22,23,'เศรษฐกิจใหม่','นาย','สุภกิจ ','สุรจินตนาภรณ์','ยังดำเนินการอยู่'),(22,24,'พลังชาติไทย','นาย','ทวิชนม์ ','สกุลกัน','ยังดำเนินการอยู่'),(22,25,'ครูไทยเพื่อประชาชน','นางสาว','สิริการย์','วสุภิรมย์เมธี','ยังดำเนินการอยู่'),(22,26,'พลังไทสร้างชาติ','นาย','ทวี','สูงหางหว้า','ยังดำเนินการอยู่'),(22,27,'ประชาธิรรมไทย','นาย','ดนุวัศ ','จินดาทวีภัทร','ยังดำเนินการอยู่'),(22,28,'พลเมืองไทย','นางสาว','ลัคนา','สฤษฎิ์สุข','ยังดำเนินการอยู่'),(22,29,'มหาชน','นาง','ลาวัลย์','ชุมสาย ณ อยุธยา','ยังดำเนินการอยู่'),(22,30,'ภาคีเครือข่ายไทย','นาง','ภัคจิรา ','บุณยเพ็ญ','ยังดำเนินการอยู่'),(22,31,'ถิ่นกาขาวชาววิไล','นาง','ภัทรานิษฐ์ ','คลอวุฒิวัฒน์','ยังดำเนินการอยู่'),(22,32,'สามัญชน','นางสาว','ชุมาพร','แต่งเกลี้ยง','ยังดำเนินการอยู่'),(23,1,'อนาคตใหม่','นาย','โชติพิพัฒน์','เตชะโสภณมณี','ยังดำเนินการอยู่'),(23,2,'ภราดรภาพ','นาย','อัครกิตติ์','ซิ้มเจริญ','ยังดำเนินการอยู่'),(23,3,'ภูมิใจไทย','นาย','สุวัฒน์','ม่วงศิริ','ยังดำเนินการอยู่'),(23,4,'ประชาธิปัตย์','นาง','นันทพร','วีรกุลสุนทร','ยังดำเนินการอยู่'),(23,5,'พลังประชารัฐ','นางสาว','ทิพานัน','ศิริชนะ','ยังดำเนินการอยู่'),(23,6,'เพื่อไทย','นาย','ธวัชชัย','ทองสิมา','ยังดำเนินการอยู่'),(23,7,'ประชาชาติ','นาย','ศิวะศักย์','แนวจันทร์','ยังดำเนินการอยู่'),(23,8,'เพื่อชาติ','นาย','สินธิชัย','บุญประกอบ','ยังดำเนินการอยู่'),(23,9,'รวมพลังประชาชาติไทย','นาย','วีระศักดิ์','แจ่มแจ้ง','ยังดำเนินการอยู่'),(23,10,'เสรีรวมไทย','นาย','ธิติพัทธ์','นรวิทย์โชติกุล','ยังดำเนินการอยู่'),(23,11,'ชาติไทยพัฒนา','นางสาว','กชนารา','เล้าสมบูรณ์','ยังดำเนินการอยู่'),(23,12,'พลังท้องถิ่นไท','นาย','อดุลย์','วุฒิเนตร','ยังดำเนินการอยู่'),(23,13,'ประชาชนปฏิรูป','นางสาว','สุพัตรา','สำเร็จสุข','ยังดำเนินการอยู่'),(23,14,'ชาติพัฒนา','นาย','สราวุฒิ','วิรุฬห์ธนวงศ์','ยังดำเนินการอยู่'),(23,15,'รักษ์ผืนป่าประเทศไทย','นาย','ธีรชัย','สุโชคชัยกุล','ยังดำเนินการอยู่'),(23,16,'ประชานิยม','นางสาว','ลดาพัชร์ ','สร้อยสุดารัตน์','ยังดำเนินการอยู่'),(23,17,'กลาง','นาย','สมสุข','สวัสดิ์ใหม่','ยังดำเนินการอยู่'),(23,18,'ทางเลือกใหม่','นาย','ปิยะพงษ์ ','เอื้อพูนสิริพัฒน์','ยังดำเนินการอยู่'),(23,19,'เศรษฐกิจใหม่','นาย','จักรกฤษ','เสริฐศรี','ยังดำเนินการอยู่'),(23,20,'พลังชาติไทย','นางสาว','ภัคจิรา','บ่อเกิด','ยังดำเนินการอยู่'),(23,21,'ครูไทยเพื่อประชาชน','นาย','ฉัตรชัย','รัตนสุวรรณ','ยังดำเนินการอยู่'),(23,22,'พลังไทยรักไทย','นาง','ขัตติยาณี','สุริหาร','ยังดำเนินการอยู่'),(23,23,'ประชาภิวัฒน์','นาง','สุปราณี','ชนะโรค','ยังดำเนินการอยู่'),(23,24,'พลังไทสร้างชาติ','พันตำรวจเอก','ชัยทรัพย์ ธรัช','ฤทธิ์เต็ม','ยังดำเนินการอยู่'),(23,25,'มหาชน','นางสาว','วรินทร์พร','จุติธนเสฏฐ์','ยังดำเนินการอยู่'),(23,26,'ประชาธิรรมไทย','นาย','ธนเดช','สิเจริญ','ยังดำเนินการอยู่'),(23,27,'ถิ่นกาชาวชาววิไล','นาย','สุรศิษย์','คำเสน','ยังดำเนินการอยู่'),(23,28,'พลังปวงชนไทย','นาย','ณัฐธเดชน์','ศรีกัณย์ชัย','ยังดำเนินการอยู่'),(23,29,'ไทรักธรรม','นาย','ณัฐวรรธน์','ไวยสุศรี','ยังดำเนินการอยู่'),(23,30,'ไทยศรีวิไลย์','นาย','นิมิตร','นะวะมวัฒน์','ยังดำเนินการอยู่'),(24,1,'เสรีรวมไทย','นางสาว','มณีวรรณ','เกตุบุญลือ','ยังดำเนินการอยู่'),(24,2,'รวมพลังประชาชาติไทย','นาย','วสุ','วงษ์เจริญ','ยังดำเนินการอยู่'),(24,3,'ประชาชาติ','นาย','ดุสิต','ศาสนอนันต์','ยังดำเนินการอยู่'),(24,4,'อนาตคใหม่','นาย','ทศพร','ทองศิริ','ยังดำเนินการอยู่'),(24,5,'ชาติไทยพัฒนา','นาย','อมรศักดิ์','สินเหลือ','ยังดำเนินการอยู่'),(24,6,'พลังประชารัฐ','นาย','ไกรเสริม','โตทับเที่ยง','ยังดำเนินการอยู่'),(24,7,'พลังท้องถิ่นไท','นาย','ชัยณรงค์','ธีรการุณวงศ์','ยังดำเนินการอยู่'),(24,8,'ภูมิใจไทย','นาย','ไสว','โชติกะสุภา','ยังดำเนินการอยู่'),(24,9,'เพื่อชาติ','นางสาว','วิฬารี','สว่างพลกรัง','ยังดำเนินการอยู่'),(24,10,'ชาติพัฒนา','นาย','สัเมธี','วรรณศิริกุล','ยังดำเนินการอยู่'),(24,11,'พลังธรรมใหม่','นาย','สัญชัย','อยู่ไพศาล','ยังดำเนินการอยู่'),(24,12,'ประชาธิปัตย์','นาย','สาทร','ม่วงศิริ','ยังดำเนินการอยู่'),(24,13,'ไทยรักษาชาติ','นางสาว','นพสรัญ','วรรณศิริกุล','ถูกศาลรัฐธรรมนูญสั่งยุบพรรค'),(24,14,'ประชาชนปฏิรูป','นางสาว','วรมน','เล็กใบ','ยังดำเนินการอยู่'),(24,15,'รักษ์ผืนป่าประเทศไทย','นาย','สุขเกษม','แพรมณี','ยังดำเนินการอยู่'),(24,16,'ประชานิยม','นางสาว','มนมนัส','ศิวรังสรรค์','ยังดำเนินการอยู่'),(24,17,'กลาง','นาย','ศรุต','คงตระกูล','ยังดำเนินการอยู่'),(24,18,'ประชาธิปไตยใหม่','นาย','ถนัด','แสงวิเชียร','ยังดำเนินการอยู่'),(24,19,'แผ่นดินธรรม','นาย','สุธี','ทองสวัสดิ์','ยังดำเนินการอยู่'),(24,20,'ครูไทยเพื่อประชาชน','นางสาว','มัธทนา','งามรินอำไพ','ยังดำเนินการอยู่'),(24,21,'พลังชาติไทย','นาย','สมชาย','พูลพิทักษ์','ยังดำเนินการอยู่'),(24,22,'ประชาภิวัฒน์','นางสาว','ฐิติรัตน์','นิจประกิจ','ยังดำเนินการอยู่'),(24,23,'ภราดรภาพ','นาย','อนิรุธ','อธิวัฒนานนท์','ยังดำเนินการอยู่'),(24,24,'ประชาไทย','นาย','ชยกร','พลดิษฐ์','ยังดำเนินการอยู่'),(24,25,'เพื่อนไทย','นาย','สุชาติ','เจริญเลิศวิริยะกิจ','ยังดำเนินการอยู่'),(24,26,'พลังไทสร้างชาติ','นาย','สุรชัย','ศาสนภาพ','ยังดำเนินการอยู่'),(24,27,'ประชาธรรมไทย','นาย','สุเทพ','ท้วมกลัด','ยังดำเนินการอยู่'),(24,28,'เศรษฐกิจใหม่','นาย','วิชาญ','เขาหา','ยังดำเนินการอยู่'),(24,29,'ภาคีเครือข่ายไทย','นาง','จิรภิญญา','ชิงดวง','ยังดำเนินการอยู่'),(24,30,'พลังศรัทธา','นาง','ภัคภร','บุณยเกียรติ','ยังดำเนินการอยู่'),(24,31,'พลังปวงชนไทย','นาย','สุเทพ','สงยอด','ยังดำเนินการอยู่'),(24,32,'ถิ่นกาขาวชาววิไล','นางสาว','จินตนา','ใจภักดี','ยังดำเนินการอยู่'),(24,33,'ไทรักธรรม','นาย','อดิศักดิ์','สาระสิทธิ์','ยังดำเนินการอยู่'),(25,1,'ภูมิใจไทย','นาย','สมศักดิ์','ลีลาสถาพรกูร','ยังดำเนินการอยู่'),(25,2,'อนาคตใหม่','นาย','ณัฐชา','บุญไชยอินสวัสดิ์','ยังดำเนินการอยู่'),(25,3,'เสรีรวมไทย','นาย','นิวัฒน์','ไชยมิ่ง','ยังดำเนินการอยู่'),(25,4,'ชาติไทยพัฒนา','นางสาว','ปิยะพัชร์','เนตรน้อยสกุล','ยังดำเนินการอยู่'),(25,5,'พลังประชารัฐ','นาย','ธีทัชฐ์','เกียรติลดารมย์','ยังดำเนินการอยู่'),(25,6,'รวมพลังประชาชาติไทย','นาย','คมกร','เกียรติวิทยากุล','ยังดำเนินการอยู่'),(25,7,'พลังท้องถิ่นไท','นาย','สวัสดิ์','จำปาศรี','ยังดำเนินการอยู่'),(25,8,'ประชาธิปัตย์','นาย','สากล','ม่วงศิริ','ยังดำเนินการอยู่'),(25,9,'ประชาภิวัฒน์','นาย','ประเสริฐ','ทองลือ','ยังดำเนินการอยู่'),(25,10,'ไทยรักษาชาติ','นางสาว','กมลพัฒน์','ปุงบางกะดี่','ถูกศาลรัฐธรรมนูญสั่งยุบพรรค'),(25,11,'เพื่อชาติ','นาย','สุไพรพล','ช่วยชู','ยังดำเนินการอยู่'),(25,12,'ไทยศรีวิไลย์','นาย','ไพรัช','เศวกวงศ์','ยังดำเนินการอยู่'),(25,13,'ชาติพัฒนา','นาย','ศรายุทธ','สุขะวัลลิ','ยังดำเนินการอยู่'),(25,14,'รักษ์ผืนป่าประเทศไทย','นาง','รัตนพร','โอภาสพิมลธรรม','ยังดำเนินการอยู่'),(25,15,'ภราดรภาพ','นาย','ธิติกรณ์','ชาวบ้านเกาะ','ยังดำเนินการอยู่'),(25,16,'ประชาชาติ','นางสาว','วริศรา','เกษมศรี','ยังดำเนินการอยู่'),(25,17,'ประชานิยม','นาย','นิธิโชติ','มานะธัญญา','ยังดำเนินการอยู่'),(25,18,'กลาง','นางสาว','จันทร์จิรา','เกษมศรีนิวัฒนา','ยังดำเนินการอยู่'),(25,19,'พลังปวงชนไทย','นาง','ราตรี','สงยอด','ยังดำเนินการอยู่'),(25,20,'เศรษฐกิจใหม่','นาย','นารัตน์','งวาลย์','ยังดำเนินการอยู่'),(25,21,'พลังศรัทธา','นางสาว','มนัสนันท์','นพพิบูลย์','ยังดำเนินการอยู่'),(25,22,'ครูไทยเพื่อประชาชน','นาย','กีรติ','ลือชาพนธารา','ยังดำเนินการอยู่'),(25,23,'พลังชาติไทย','นาย','กิตตพัฒน์','จิรัฏฐวงศ์','ยังดำเนินการอยู่'),(25,24,'ประชาชนปฏิรูป','นาย','นพดล','รามนัฏ','ยังดำเนินการอยู่'),(25,25,'ประชาธิปไตยใหม่','นาย','นิธิรุจน์','อินทร์สังข์','ยังดำเนินการอยู่'),(25,26,'พลังไทสร้างชาติ','นาย','สุวัฒน์','อยู่เย็น','ยังดำเนินการอยู่'),(25,27,'ประชาธรรมไทย','นาย','เอกธนัช','รงค์บัญฑิต','ยังดำเนินการอยู่'),(25,28,'ภาคีเครือข่ายไทย','นาย','ไสว','แก้วขาว','ยังดำเนินการอยู่'),(25,29,'พลเมืองไทย','นางสาว','นภาภรณ์','ครรชิตจารุสิทธิ์','ยังดำเนินการอยู่'),(25,30,'ประชาไทย','นางสาว','ลลิต','วรรธนะดำเกิง','ยังดำเนินการอยู่'),(25,31,'ไทรักธรรม','นาย','สิทธิเดช','จรกรรณ','ยังดำเนินการอยู่'),(26,1,'รวมพลังประชาชาติไทย','นางสาว','วีรญา','อังศุธรถาวริน','ยังดำเนินการอยู่'),(26,2,'พลังท้องถิ่นไท','นาย','สมยศ','ลักษณะสมบูรณ์','ยังดำเนินการอยู่'),(26,3,'ประชานิยม','นาย','หนึ่ง','ช่วยชู','ยังดำเนินการอยู่'),(26,4,'เพื่อชาติ','นาย','เศษฐวิชช์','ศิริโภคานุสรณ์','ยังดำเนินการอยู่'),(26,5,'เสรีรวมไทย','ว่าที่ร้อยตรี','ธรกร','เจียโหงว','ยังดำเนินการอยู่'),(26,6,'ไทยศรีวิไลย์','นาย','อนุรักษ์','อมรเมตตาจิต','ยังดำเนินการอยู่'),(26,7,'ภราดรภาพ','นาย','สมชาย','พวงมาลัย','ยังดำเนินการอยู่'),(26,8,'ประชาธิปัตย์','พลตำรวจเอก','สามารถ','ม่วงศิริ','ยังดำเนินการอยู่'),(26,9,'อนาคตใหม่','นาย','กันต์พงษ์','ประยูรศักดิ์','ยังดำเนินการอยู่'),(26,10,'ชาติพัฒนา','นาย','ชัยนันท์','ขันทะชา','ยังดำเนินการอยู่'),(26,11,'ประชาชนปฏิรูป','นางสาว','ศศิยา','บุตรเนียร','ยังดำเนินการอยู่'),(26,12,'ภูมิใจไทย','นาย','ศิลปชัย ','บุญราย','ยังดำเนินการอยู่'),(26,13,'เพื่อไทย','นาย','วัน','อยู่บำรุง','ยังดำเนินการอยู่'),(26,14,'พลังประชารัฐ','นาย','วัชระ','กรรณิการ์','ยังดำเนินการอยู่'),(26,15,'ชาติไทยพัฒนา','นาย','ก่อเกียรติ','ขันทอง','ยังดำเนินการอยู่'),(26,16,'ประชาภิวัฒน์','นาย','สิครินทร์','ดามพ์วิจิตร','ยังดำเนินการอยู่'),(26,17,'รักษ์ผืนป่าประเทศไทย','นาย','วรพล','เตรียมเวชวุฒิไกร','ยังดำเนินการอยู่'),(26,18,'ประชาชาติ','นางสาว','ชวิกา','ไตรศิวะกุล','ยังดำเนินการอยู่'),(26,19,'กลาง','นางสาว','ดนิตา','วงค์รัตน์','ยังดำเนินการอยู่'),(26,20,'พลังปวงชนไทย','นางสาว','สุพรรณี ','ทองหนองบัว','ยังดำเนินการอยู่'),(26,21,'พลเมืองไทย','นางสาว','ทิชากร ','วิสาลสกล','ยังดำเนินการอยู่'),(26,22,'แผ่นดินธรรม','นาย','ชวลิต ','ชัยชาญ','ยังดำเนินการอยู่'),(26,23,'พลังชาติไทย','นาย','บุญฤทธิ์ ','ขวัญชุม','ยังดำเนินการอยู่'),(26,24,'ครูไทยเพื่อประชาชน','นางสาว','พัทธนันท์','สิริปรีดาพัฒน์','ยังดำเนินการอยู่'),(26,25,'พลังไทยรักไทย','นางสาว','ชญาณ์นันท์ ','อ้วนพินิจ','ยังดำเนินการอยู่'),(26,26,'ประชาธรรมไทย','นาง','อารีลักษณ์ ','งามเจริญ','ยังดำเนินการอยู่'),(26,27,'เศรษฐกิจใหม่','นาง','อรวรรณ ','จั่นบำรุง','ยังดำเนินการอยู่'),(26,28,'ประชากรไทย','นาย','ณัทกร ','ลักษณ์ชนน','ยังดำเนินการอยู่'),(26,29,'ไทรักธรรม','นาย','กิตติชัย ','หนูชูชัย','ยังดำเนินการอยู่'),(27,1,'ชาติพัฒนา','นาย','ยุทธนา','โตอาจ','ยังดำเนินการอยู่'),(27,2,'ชาติไทยพัฒนา','นาย','ธนธัส','สาสิงห์','ยังดำเนินการอยู่'),(27,3,'เพื่อไทย','พันตำรวจโท','วันชัย','ฟักเอี้ยง','ยังดำเนินการอยู่'),(27,4,'ภูมิใจไทย','นาย','ปกาสิต','ตราชื่นต้อง','ยังดำเนินการอยู่'),(27,5,'ประชาชาติ','นาย','วิษุวัต','เจริญขวัญเมือง','ยังดำเนินการอยู่'),(27,6,'ไทยศรีวิไลย์','นาย','กฤดิทัช','แสงธนโยธิน','ยังดำเนินการอยู่'),(27,7,'อนาคตใหม่','นาย','จิรวัฒน์','อรัณยกานนท์','ยังดำเนินการอยู่'),(27,8,'ประชาธิปัตย์','นาย','เอกนัฏ','พร้อมพันธุ์','ยังดำเนินการอยู่'),(27,9,'ประชาชนปฏิรูป','นาย','อำนาจ','การสมจิตร์','ยังดำเนินการอยู่'),(27,10,'พลังท้องถิ่นไท','นาย','บุญรุ่ง','เต๋งจงดี','ยังดำเนินการอยู่'),(27,11,'เสรีรวมไทย','นางสาว','เกศศิริ','เรืองกาญจนเศรษฐ์','ยังดำเนินการอยู่'),(27,12,'รวมพลังประชาชาติไทย','นางสาว','อุมาทิณี','ลกกะบูน','ยังดำเนินการอยู่'),(27,13,'ประชาภิวัฒน์','นาย','มิตรศิลป์','ธิกะ','ยังดำเนินการอยู่'),(27,14,'พลังประชารัฐ','นางสาว','บุณณดา','สุปิยพันธุ์','ยังดำเนินการอยู่'),(27,15,'ภราดรภาพ','นางสาว','สุวลักษณ์','พวงมาลัย','ยังดำเนินการอยู่'),(27,16,'เพื่อชาติ','นาย','บุญลือ','นุ้ยเมือง','ยังดำเนินการอยู่'),(27,17,'รักษ์ผืนป่าประเทศไทย','นาย','ปรีชา','ลูกบัว','ยังดำเนินการอยู่'),(27,18,'พลังปวงชนไทย','นางสาว','ภิญปภัส','นัยเนตร์','ยังดำเนินการอยู่'),(27,19,'ประชานิยม','นางสาว','ฐานิญา','ดวงมืด','ยังดำเนินการอยู่'),(27,20,'ครูไทยเพื่อประชาชน','นาย','สุรเดช','อินทร์แก้ว','ยังดำเนินการอยู่'),(27,21,'ประชาธิปไตยใหม่','นางสาว','จินตนา','เอิบอิ่ม','ยังดำเนินการอยู่'),(27,22,'แผ่นดินธรรม','นาย','ประกิจ','ศิริมา','ยังดำเนินการอยู่'),(27,23,'พลังไทยรักไทย','นางสาว','ดาริน','ลักษณ์ชนน','ยังดำเนินการอยู่'),(27,24,'กลาง','ว่าที่ร้อยตรี','สุกิต','น้อมศิริ','ยังดำเนินการอยู่'),(27,25,'พลังชาติไทย','จ่าสิบเอก','อาทร','มีถาวร','ยังดำเนินการอยู่'),(27,26,'เศรษฐกิจใหม่','นาย','ดนัย','อินทรพยุง','ยังดำเนินการอยู่'),(27,27,'มหาชน','นาย','วระสิทธิ์','ปิ่นกุลบุตร','ยังดำเนินการอยู่'),(27,28,'ภาคีเครือข่ายไทย','นาย','ธนาดุล','มะลิใหม่','ยังดำเนินการอยู่'),(27,29,'ประชาธรรมไทย','นางสาว','ขวัญดาว','ท้วมกลัด','ยังดำเนินการอยู่'),(27,30,'พลังไทสร้างชาติ','นาย','ชัชวาล','สุภัคชูกุล','ยังดำเนินการอยู่'),(28,1,'ภูมิใจไทย','นาย','จิตรภณ ','ทิพย์โภคาสกุล','ยังดำเนินการอยู่'),(28,2,'ชาติไทยพัฒนา','นาย','สมเจตน์ มากสมบูรณ์','มากสมบูรณ์','ยังดำเนินการอยู่'),(28,3,'เพื่อไทย','นาย','วัฒนา ','เมืองสุข','ยังดำเนินการอยู่'),(28,4,'พลังประชารัฐ','นาย','กฤชนนท์ ','อัยยปัญญา','ยังดำเนินการอยู่'),(28,5,'รวมพลังประชาชาติไทย','นาย','ปรเมศวร์ ','นาคเทวัญ','ยังดำเนินการอยู่'),(28,6,'ประชาชาติ','นาย','ปรีชา ','วัชระนัย','ยังดำเนินการอยู่'),(28,7,'เพื่อชาติ','นาย','ศิริพงศ์ ','มหศิริไพศาล','ยังดำเนินการอยู่'),(28,8,'ชาติพัฒนา','นางสาว','เยาวภา ','บุรพลชัย','ยังดำเนินการอยู่'),(28,9,'อนาคตใหม่','นาย','ณัฐพงษ์','เรืองปัญญาวุฒิ','ยังดำเนินการอยู่'),(28,10,'ประชาธิปัตย์','นางสาว','อรอนงค์ ','คล้ายนก','ยังดำเนินการอยู่'),(28,11,'ประชาชนปฏิรูป','นาย',' ประจักษ์ ','มนต์ประเสริฐ','ยังดำเนินการอยู่'),(28,12,'เสรีรวมไทย','พลตำรวจโท','จุตติ ','ธรรมมโนวานิช','ยังดำเนินการอยู่'),(28,13,'ประชาภิวัฒน์','นาย','ณัฐพล','ศิริสว่าง','ยังดำเนินการอยู่'),(28,14,'พลังท้องถิ่นไท','นางสาว','ชวัลรัตน์ ','เข็มหนู','ยังดำเนินการอยู่'),(28,15,'ภราดรภาพ','นาง','อมรรัตน์ ','อัครอมรพงศ์','ยังดำเนินการอยู่'),(28,16,'รักษ์ผืนป่าประเทศไทย','นางสาว','ลีลาวดี ','น้ำหยด','ยังดำเนินการอยู่'),(28,17,'ประชานิยม','นางสาว','กรกช ','เติมรุ่งเรืองเลิศ','ยังดำเนินการอยู่'),(28,18,'เศรษฐกิจใหม่','นาย','ชัยกฤตย์','เดชณรงค์','ยังดำเนินการอยู่'),(28,19,'พลังชาติไทย','นาย','อนุชา ','อินพุ่ม','ยังดำเนินการอยู่'),(28,20,'พลังรัก','นาย','จิรายุ ','ภูพาน','ยังดำเนินการอยู่'),(28,21,'พลังไทยรักไทย','นาย','ชาญชีพ ','หิรัญภัทรเวช','ยังดำเนินการอยู่'),(28,22,'แผ่นดินธรรม','นาย','ชัยพล ','องอาจผจญ','ยังดำเนินการอยู่'),(28,23,'ไทยรักษาชาติ','นาย','ศุรุท ','เกษมณีภูรเดช','ถูกศาลรัฐธรรมนูญสั่งยุบพรรค'),(28,24,'ครูไทยเพื่อประชาชน','นาง','ภัทรานิษฐ์ ','บุณยวิบูลย์','ยังดำเนินการอยู่'),(28,25,'มหาชน','นาย','ณพลการย์ ','ณิชยรวีพัชร์','ยังดำเนินการอยู่'),(28,26,'ประชาธรรมไทย','นาย','ดวงประเสริฐ ','นาคจีนวงศ์','ยังดำเนินการอยู่'),(28,27,'พลังไทสร้างชาติ','นาย',' ภูเมธ ','กมลศุภกิตติ์','ยังดำเนินการอยู่'),(28,28,'ภาคีเครือข่ายไทย','นาง','นันทัชพร ','บุญทรง','ยังดำเนินการอยู่'),(29,1,'เสรีรวมไทย','นาย','จิรพัฒน์','สัจยากร','ยังดำเนินการอยู่'),(29,2,'เพื่อชาติ','นาย','สราวุธ','ยุติโยธิน','ยังดำเนินการอยู่'),(29,3,'ประชาธิปัตย์','นาย','วิลาศ','จันทร์พิทักษ์','ยังดำเนินการอยู่'),(29,4,'ประชาชาติ','นาย','ปริญญา','กิจยิ่งยง','ยังดำเนินการอยู่'),(29,5,'ชาติพัฒนา','นางสาว','ปัณย์วีร์','อิสริยาพร','ยังดำเนินการอยู่'),(29,6,'อนาคตใหม่','นาย','ทวีชัย','วงศ์ไพโรจน์กุล','ยังดำเนินการอยู่'),(29,7,'ประชาชนปฏิรูป','นาย','ภัทรพล','หมดมลทิน','ยังดำเนินการอยู่'),(29,8,'ภูมิใจไทย','นาย','ชูชาติ','ยิ้มงาม','ยังดำเนินการอยู่'),(29,9,'พลังท้องถิ่นไท','นาย','ชญาพัฒน์','โปร่งปรีชา','ยังดำเนินการอยู่'),(29,10,'พลังธรรมใหม่','นาวาเอก','ประพันธ์','โชติอาภรณ์','ยังดำเนินการอยู่'),(29,11,'เพื่อไทย','นาง','สุภาภรณ์','คงวุฒิปัญญา','ยังดำเนินการอยู่'),(29,12,'ประชาภิวัฒน์','นาย','วันชัย','เวชพานิช','ยังดำเนินการอยู่'),(29,13,'ชาติไทยพัฒนา','นางสาว','ปุณฐิภาภัคร์','สุวรรณราช','ยังดำเนินการอยู่'),(29,14,'รวมพลังประชาชาติไทย','นาย','กชพงศ์','โรจน์ไพศาลกิจ','ยังดำเนินการอยู่'),(29,15,'พลังประชารัฐ','นาย','ณพงศ์','นพเกตุ','ยังดำเนินการอยู่'),(29,16,'ภราดรภาพ','นาย','นิธิศ','อังศุกุลธร','ยังดำเนินการอยู่'),(29,17,'รักษ์ผืนป่าประเทศไทย','นาย','ฐิตินันท์','ศิริวสุธา','ยังดำเนินการอยู่'),(29,18,'กลาง','นางสาว','อภัสนันท์','ชูเชิด','ยังดำเนินการอยู่'),(29,19,'เศรษฐกิจใหม่','นาง','อภิกษณาอร','ลิ่วเฉลิมวงศ์','ยังดำเนินการอยู่'),(29,20,'ประชาธิปไตยใหม่','นาย','พิทักษ์','รักษาวงศ์','ยังดำเนินการอยู่'),(29,21,'ประชานิยม','นาย','สัมฤทธิ์','เสลาหอม','ยังดำเนินการอยู่'),(29,22,'พลังประชาธิปไตย','นาย','บัณฑิต','ธรรมปรีชา','ยังดำเนินการอยู่'),(29,23,'พลังชาติไทย','นาย','ธนกฤษ','นพรัตน์','ยังดำเนินการอยู่'),(29,24,'พลังไทยรักไทย','นาง','สายรุ้ง','กาวิลา','ยังดำเนินการอยู่'),(29,25,'ครูไทยเพื่อประชาชน','นางสาว','ศิริพา','นันทกิจ','ยังดำเนินการอยู่'),(29,26,'พลังสังคม','นาย','บัณฑิต','สนิทประชากร','ยังดำเนินการอยู่'),(29,27,'ประชาธรรมไทย','นาย','กิตติชัย','ชูเชิด','ยังดำเนินการอยู่'),(29,28,'ภาคีเครือข่ายไทย','นาง','สมนึก','ปัทมาลัย','ยังดำเนินการอยู่'),(29,29,'พลังปวงชนไทย','นาย','ธนชาติ','รายวงศ์','ยังดำเนินการอยู่'),(29,30,'พลังไทยรักชาติ','นางสาว','ณัฐธิดา','นิโครธางกูร','ยังดำเนินการอยู่'),(29,31,'ไทรักธรรม','นาย','ถวิล','รัตนพงศ์','ยังดำเนินการอยู่'),(30,1,'รวมพลังประชาชาติไทย','นาย','สมพงษ์ ','สวัสดิสุข','ยังดำเนินการอยู่'),(30,2,'ชาติพัฒนา','นาย','คุ้ง ','จารึกเสถียร','ยังดำเนินการอยู่'),(30,3,'ชาติไทยพัฒนา','นางสาว','แพรวพรรณ ','สวนพราย','ยังดำเนินการอยู่'),(30,4,'อนาคตใหม่','นาย','ณัฐชนน ','จิตต์สง่า','ยังดำเนินการอยู่'),(30,5,'ภูมิใจไทย','นาบ','เพิ่มพร ','ตุทานนท์','ยังดำเนินการอยู่'),(30,6,'เพื่อไทย','นาย','พงศ์พันธ์ ','ยอดเมืองเจริญ','ยังดำเนินการอยู่'),(30,7,'เสรีรวมไทย','นาย','ยิ่งยงค์ ','จิตเพียรธรรม','ยังดำเนินการอยู่'),(30,8,'พลังประชารัฐ','นาย','จักรพันธ์ ','พรนิมิตร','ยังดำเนินการอยู่'),(30,9,'พลังท้องถิ่นไท','นางสาว','ภัทร์ฐิตา ','ทุมเกิด','ยังดำเนินการอยู่'),(30,10,'ประชาธิปัตย์','นางสาว','รัชดา ','ธนาดิเรก','ยังดำเนินการอยู่'),(30,11,'ประชาชนปฏิรูป','นาย','มนูญ ','นกยูงทอง','ยังดำเนินการอยู่'),(30,12,'เพื่อชาติ','นางสาว','รัชนก ','ศรีทองแท้','ยังดำเนินการอยู่'),(30,13,'ประชาชาติ','ว่าที่ร้อยตรี','ณัฐฐากูร','ศรีธนกฤตชโยดม','ยังดำเนินการอยู่'),(30,14,'เพื่อแผ่นดิน','นาย','อมรเทพ ','หวังแก้ว','ยังดำเนินการอยู่'),(30,15,'ประชานิยม','นาย','ธนบดี ','อินทวีโร','ยังดำเนินการอยู่'),(30,16,'รักษ์ผืนป่าประเทศไทย','นาย','วรินดา ','วราพันธ์','ยังดำเนินการอยู่'),(30,17,'ภราดรภาพ','นาย','พิเชษฐ์ ','ไทยนิยม','ยังดำเนินการอยู่'),(30,18,'พลังชาติไทย','นางสาว','สิริวรรณ ','โชติพันธุ์','ยังดำเนินการอยู่'),(30,19,'พลังไทยรักชาติ','นาย','ทศพร ','สายสุด','ยังดำเนินการอยู่'),(30,20,'เศรษฐกิจใหม่','นาย','ศิริวัฒน์ ','ไชยธวัช','ยังดำเนินการอยู่'),(30,21,'แผ่นดินธรรม','นางสาว','พัทธวรรณ ','รุจิรชัย','ยังดำเนินการอยู่'),(30,22,'ครูไทยเพื่อประชาชน','นาย','สุนทร ','โนนศิริ','ยังดำเนินการอยู่'),(30,23,'พลังไทยรักไทย','นาย','สมัฏฐวัศน์ ','อารยศาสตร์','ยังดำเนินการอยู่'),(30,24,'กลาง','นาย','ศิวะ ','ไวทย์รุ่งโรจน์','ยังดำเนินการอยู่'),(30,25,'พลังสังคม','นาย','นาวิน ','ชลายนนาวิน','ยังดำเนินการอยู่'),(30,26,'ประชาภิวัฒน์','นาย','อมเรศ ','ฤทธิรงค์','ยังดำเนินการอยู่'),(30,27,'พลังไทสร้างชาติ','นาย','สุชาติ','เหมหงษา','ยังดำเนินการอยู่'),(30,28,'ประชาธรรมไทย','นางสาว','กมลชนก ','ศรีกนก','ยังดำเนินการอยู่'),(30,29,'ภาคีเครือข่ายไทย','นาย','ชวิศกฤษ ','บุญรัตน์สุวรรณ','ยังดำเนินการอยู่'),(30,30,'ไทยศรีวิไลย์','นาย','ภวัต ','อิ่มใจจิตร','ยังดำเนินการอยู่'),(30,31,'ประชาธิปไตยใหม่','นางสาว','พัฒชา ','จิ๋วแหยม','ยังดำเนินการอยู่');
/*!40000 ALTER TABLE `member_of_parliament` ENABLE KEYS */;
UNLOCK TABLES;

--
-- Table structure for table `party`
--

DROP TABLE IF EXISTS `party`;
/*!40101 SET @saved_cs_client     = @@character_set_client */;
 SET character_set_client = utf8mb4 ;
CREATE TABLE `party` (
  `PartyName` text,
  `PartyTaxCode` text,
  `PartyLogo` text,
  `PLFirstName` text,
  `PLLastName` text,
  `PartyFoundingDate (dd-mm-yy)` text,
  `PartyPolicy` text
) ENGINE=InnoDB DEFAULT CHARSET=utf8mb4 COLLATE=utf8mb4_0900_ai_ci;
/*!40101 SET character_set_client = @saved_cs_client */;

--
-- Dumping data for table `party`
--

LOCK TABLES `party` WRITE;
/*!40000 ALTER TABLE `party` DISABLE KEYS */;
INSERT INTO `party` VALUES ('ประชาธิปัตย์','001','IMG1','อภิสิทธิ์','เวชชาชีวะ','11-06-25','พรรคประชาธิปัตย์มุ่งขจัดความเหลื่อมล้ำทางเศรษฐกิจและสังคม ยกระดับรายได้เกษตรกร ส่งเสริมสังคมสวัสดิการและพัฒนาคุณภาพชีวิต พร้อมเร่งกระจายอำนาจและความเจริญไปทั่วประเทศ ยึดมั่นแนวทางประชาธิปไตยเสรี ต่อต้านเผด็จการทุกรูปแบบ ภายใต้แนวทาง “ประชาชนเป็นใหญ่ ประชาธิปไตยสุจริต” เพื่อบรรลุภารกิจ “แก้จน สร้างคน สร้างชาติ”'),('ประชากรไทย','002','IMG2','สุมิตร','สุนทรเวช','26-07-25','พรรคจะเทิดทูลระบอบประชาธิปไตยอันมีพระมหากษัตริย์ทรงเป็นประมุขให้อยู่คู่ประเทศไทยตลอดไป | พรรคจะเคารพกฎหมายรัฐธรรมนูญอันเป็นกฎหมายสูงสุดของประเทศ | พรรคจะรับใช้ประเทศชาติด้วยความซื่อสัตย์ สุจริต | พรรคจะใช้นวัตกรรมที่เกี่ยวกับปัญญาประดิษฐ์ เพื่อให้บังเกิดความก้าวหน้าทัดเทียมนานาประเทศ | พรรคจะกำจัดการทุจริตทุกรูปแบบ | พรรคจะยึดมั่นให้คนในชาติอยู่ร่วมกันอย่างสันติ สามัคคี ปรองดอง อยู่กันอย่างให้เกียรติบนหลักการและเหตุผล'),('มหาชน','004','IMG3','อภิรัต','ศิรินาวิน','10-02-41','“พร้อมชนเพื่อความเท่าเทียม” ความเสมอภาคต้องเกิดขึ้นทั้งด้านการเมือง เศรษฐกิจ และสังคม นโยบายที่จับต้องได้ ประกอบด้วย การผลักดันกฎหมายที่เกี่ยวข้องกับความเท่าเทียมทางเพศ ชาติพันธุ์ และสถานะทางสังคมที่ต่างกัน จัดให้มีการปรับเปลี่ยนทัศนคติยกเลิก “สังคมดัดจริต” เพื่อให้ปัญหาได้รับการแก้ไข การยกเลิก พรบ.ปราบปรามการค้าประเวณี ที่เป็นเพียงเครื่องมือในการรีดไถของเจ้าหน้าที่รัฐ การส่งเสริมเศรษฐกิจ SMEs Online ให้เข้าถึงทุกชุมชน และการริเริ่มนำรายได้เข้าประเทศด้วยการจัดให้มีคาสิโน (แบบมีเงื่อนไข) ขึ้นในเมืองไทย'),('กสิกรไทย','006','IMG4','จำลอง','ดำสิม','10-02-42','4 PLUS 2 (ประเทศไทยโฉมหน้าของเอเชีย THAILAND FACE OF ASIA | เศรษฐกิจไทยสมดุลนิยม THAILAND ECONOMIC BALANCE | ธนาคารข้าวไทย THAI RICE BANK | ธนาคารรีไซเคิล RECYCLE BANK | ศูนย์พัฒนาคุณภาพชีวิต NEW U NEW LIFE | มหาวิทยาลัยศาสตร์พระราชา UNIVERSITY OF SCIENCE KING)'),('เพื่อฟ้าดิน','010','IMG5','มิ่งหมาย','มุ่งมาจน','05-04-43','NULL'),('ความหวังใหม่','013','IMG6','ชิงชัย','มงคลธรรม','07-05-45','สร้างประชาธิปไตยให้เป็นจริงเหมาะสมกับชาติไทย สร้างพรรคให้เป็นของประชาชน สร้างคนให้เป็นประชาธิปไตย นำไทยให้พ้นทาส พัฒนาชาติด้วยเศรษฐกิจพอเพียง ฟื้นฟูอีสานเขียวภาค 2 เพิ่มพื้นที่ชลประทาน 33 ล้านไร่ ตั้งกระทรวงน้ำ เปลี่ยนเอกสารสิทธิที่ดินทั้งหมดเป็นโฉนด โครงการฮารับปันบารูใต้ร่มเย็น สร้างสันติสุขชาวภาคใต้ให้เป็นจริง ทบทวนสัญญาสัมปทานที่ไม่เป็นธรรม น้ำมันราคาถูก โทรศัพท์และอินเตอร์เน็ตฟรี ต่อต้านการคอรัปชั่นทุกๆด้าน แก้ไขปัญหาความยากจน ประกันราคาพืชผล ลดระยะเวลาเรียนทุกหลักสูตร สาธารณสุขรองรับผู้สูงอายุ (ปี) เด็กและสตรี เลือกพรรคความหวังใหม่ คือ ชัยชนะของประชาชน'),('เครือข่ายชาวนาแห่งประเทศไทย','022','IMG7','วชิร','ศุภรมย์','20-06-49','ยกระดับกองทุนฟื้นฟูและพัฒนาเกษตรกรให้ฟื้นฟูชีวิตและปลดหนี้ฯเกษตรกรได้อย่างแท้จริงตามกฎหมาย (กฟก.) | พัฒนากองทุนหมุนเวียนช่วยเหลือเกษตรกร (กชก.) ให้เป็นกฎหมายเพื่อฟื้นฟูชีวิตคนยากคนจนเกษตรกรและปลดหนี้นอกระบบตามกฎหมาย กชก. | ปฏิรูปกฎหมาย สปก. (สำนักงานปฏิรูปที่ดินเพื่อเกษตรกรรม) ให้จัดหาที่ทำกินให้คนจนและเกษตรกร | ออกกฎหมายเฉพาะเพื่อเก็บภาษีสินค้าทุนทางการเกษตร นำเงินมาให้ กฟก., กชก., สปก. เพื่อช่วยเหลือเกษตรกรและคนจน'),('เพื่อไทย','034','IMG8','วิโรจน์','เปาอินทร์','20-09-50','แก้ปัญหาเศรษฐกิจปากท้อง สร้างความเติบโตทางเศรษฐกิจ สร้างความเข้มแข็งให้เศรษฐกิจฐานราก ลงทุนในโครงสร้างพื้นฐานและระบบคมนาคมขนส่ง ระบบน้ำ สร้างรายได้จากการท่องเที่ยว การส่งออก การเกษตร SME และเศรษฐกิจดิจิทัล ให้ไทยเป็นศูนย์กลางผลิตอาหารปลอดภัย ของโลก ใช้เทคโนโลยีและนวัตกรรมเพื่อเพิ่มผลผลิตและเชื่อมตลาดโลก ยกระดับราคาสินค้าเกษตร ลดความเหลื่อมล้ำทางเศรษฐกิจและสังคม ส่งเสริมการเข้าถึงแหล่งทุน พัฒนาคน ยกระดับคุณภาพและลดความเหลื่อมล้ำทางการศึกษา พัฒนาระบบหลักประกันสุขภาพถ้วนหน้า กระจายอำนาจ ลดขนาดภาครัฐ ขจัดอุปสรรคในการประกอบธุรกิจด้วยการยกเลิกกฎหมายและใบอนุญาตที่ไม่จำเป็น ป้องกันและปราบปรามการทุจริตคอรัปชั่น แก้ปัญหายาเสพติด ดูแลผู้ใช้แรงงาน ผู้มีรายได้น้อย ผู้ด้อยโอกาส ผู้สูงอายุ เด็ก ผู้พิการ แก้รัฐธรรมนูญให้เป็นประชาธิปไตยและคุ้มครองสิทธิมนุษยชน'),('เพื่อแผ่นดิน','041','IMG9','พีระ','จันทร','02-10-50','ส่งเสริมการศึกษา การกีฬา และสุขภาวะ โดยสิบข้อดี ( กินดีอยู่ดี, กีฬาดี, การศึกษาดี, ครอบครัวดี, สังคมดี, สิ่งแวดล้อมดี, ราคาพืชผลดี)'),('พรรคชาติพัฒนา','045','IMG10','เทวัญ','ลิปตพัลลภ','03-10-50','พรรคชาติพัฒนามีนโยบายเร่งด่วนในการแก้ไขปัญหาเศรษฐกิจรากหญ้าให้กับเกษตรกรและคนในชนบท นำเทคโนโลยีที่ทันสมัยมาพัฒนาประเทศ ให้มีเศรษฐกิจที่มั่นคง สร้างนักธุรกิจรุ่นใหม่ สร้างSMEให้เข้มแข็ง พัฒนาระบบคมนาคมให้ทั่วถึงและปลอดภัย ส่งเสริมอุตสาหกรรมและการลงทุนมากขึ้น ส่งเสริมพลังงานทดแทน พัฒนาการท่องเที่ยวให้เป็นเศรษฐกิจหลัก สร้างความเสมอภาค ลดความเหลื่อมล้ำในสังคม เร่งรัดการกระจายอำนาจ สร้างสังคมผู้สูงอายุ (ปี) ให้มีสวัสดิการที่ดี ขยายอายุ (ปี) การทำงานถึง 65 ปี ดูแลคนพิการและผู้ด้อยโอกาส เพิ่มสวัสดิการแรงงานและการมีงานทำ กำจัดปัญหายาเสพติด จัดการปัญหาฝุ่นและดูแลสิ่งแวดล้อม เด็กไทยพูดได้ 2 ภาษา ใช้กีฬาสร้างคน สร้างชาติ สร้างความรักสามัคคี และยุติปัญหาขัดแย้ง'),('แทนคุณแผ่นดิน','053','IMG11','วิชัย','ศิรินคร','09-11-50','“แรงงานหน้าใส ใส่ใจคุณภาพชีวิต” โดย “สร้างคน สร้างอาชีพ สร้างรายได้”ประกอบด้วย ออม กู้ยืม ลงทุน สวัสดิการ “ปลดหนี้ ธนาคารแรงงาน” | มีบุตรครอบครัวละ 3 คน “ท้องปั๊บ รับสวัสดิการถึง ป.ตรี” |  “มีรายได้ระหว่างเรียน”ปรับเงินเดือน ผู้จบอาชีวะ” | มีศักดิ์ศรี มั่นคงในอาชีพ “สภาวิชาชีพจป./รปภ.” | ลดรายจ่ายสร้างรายได้ สว่างทั่วไทย “ไฟฟ้าโซล่าเซลล์/ชีวมวล เทคโนโลยีสะอาด” | “รับเอกสารสิทธิ ที่ดินซับซ้อน” “ชีวิตเกษตร เศรษฐกิจพอเพียง” | เพิ่มสวัสดิการ “ผู้สูงอายุ (ปี) 1,000 - 3,000 บาท” “ค่ารักษาพยาบาล หลังเกษียณของลูกจ้างประจำ, พนักงานราชการ,'),('ชาติไทยพัฒนา','055','IMG12','กัญจนา','ศิลปอาชา','18-04-51','มุ่งพัฒนาชาติไทย ด้วยนโยบายเสริมสร้างพื้นฐานเศรษฐกิจของประเทศให้มั่นคง สนับสนุนการเกษตรทันสมัยโดยการใช้เทคโนโลยี ฟื้นฟูประมง ส่งเสริมบัณฑิตวิชาการเกษตร ลดเหลื่อมล้ำทางการศึกษา ลดภาระครู สร้างแผนการพัฒนาการศึกษาแห่งชาติ ปราศจากการเมือง จัดสวัสดิการให้ทั่วถึง ส่งเสริมสุขภาพเชิงป้องกันก่อนเจ็บป่วย สนับสนุนการกระจายอำนาจบริหารสู่ท้องถิ่น พัฒนาเศรษฐกิจด้วยการท่องเที่ยว กระจายรายได้ไปสู่ทุกชุมชนอย่างสมดุล พร้อมพัฒนาเมืองให้สะดวกปลอดภัย อากาศสะอาด เป็นมิตรต่อสุขภาพและรองรับประชาชนทุกสภาพ-ทุกช่วงวัย เร่งพัฒนาและปฏิรูปประเทศไทยให้ก้าวผ่านความขัดแย้งเข้าสู่ยุคแห่งความเจริญที่ทันสมัยและยั่งยืน'),('อนาคตไทย','056','IMG13','พรศักดิ์','ธรรมนิมิตร์','25-04-51','NULL'),('ธรรมาภิบาลสังคม','059','IMG14','ชาญชัย','ตั้งชู','29-08-51','NULL'),('ภูมิใจไทย','063','IMG15','อนุทิน','ชาญวีรกุล','05-11-51','ทวงคืนกำไรให้เกษตรกร โดยเสนอกฎหมายระบบกำไรแบ่งปัน ตั้งกองทุนข้าว ข้าวหอมมะลิ ตันละ 18,000 บาท บวกกำไรเพิ่ม 1,500 บาท รวมเป็นเงิน 19,500 บาท มันสำปะหลัง ไม่ต่ำกว่า กก.ละ 4 บาท อ้อย ไม่ต่ำกว่าตันละ 1,200 บาท ปาล์มทะลาย ไม่ต่ำกว่า กก.ละ 5 บาท ยางพารา เป้าหมายราคา กก.ละ 70 บาท | ยกระดับ อสม. เป็นหมอประจำบ้าน ค่าตอบแทน 2,500 – 10,000 บาท ต่อเดือน | แก้หนี้ กยศ. โดยปลดภาระผู้ค้ำประกัน ไม่มีดอกเบี้ย ไม่มีค่าปรับ ผ่อนคืนเงินต้น 10 ปี และปลอดหนี้ 5 ปี | กัญชาไทย ปลูกได้เสรีโดยแก้ พ.ร.บ. ยาเสพติดให้โทษ นำกัญชามาใช้ในทางการแพทย์ เป็นพืชแก้จน ปลูกได้ สูบได้ ภายใต้กฎหมาย'),('ประชาธรรม','073','IMG16','ชานนท์','เจะหะมะ','16-04-52','NULL'),('สังคมประชาธิปไตยไทย','076','IMG17','ชาลี','ลอยสูง','25-06-52','กล้าหาญ เสียสละ ซื่อสัตย์สุจริต จิตสาธารณะ อุดมการณ์ของพรรค คุ้มครองศักดิ์ศรีความเป็นมนุษย์ให้มีความเสมอภาค ยึดมั่นในแนวทางปรัชญาเศรษฐกิจพอเพียง สร้างสังคมประชาธิปไตย ขจัดการทุจริตคอร์รัปชั่นแก้ความเหลื่อมล้ำเป็นวาระแห่งชาติ โดยจัดรัฐสวัสดิการสังคมแบบถ้วนหน้าพัฒนาคุณภาพคนเป็นสำคัญ การศึกษาฟรีถึงปริญญาตรี รักษาฟรีทุกโรค เพิ่มสิทธิประโยชน์ประกันสังคมและเงินทดแทน จัดเก็บภาษีแบบก้าวหน้า ปฏิรูปที่ดินและปลดหนี้สินที่ไม่เป็นธรรมให้เกษตรกร ส่งเสริมคุ้มครองระบบสหกรณ์ หยุดแปรรูปรัฐวิสาหกิจ กระจายหุ้นปตท. ให้ประชาชน ลดราคาน้ำมันให้เป็นธรรมแก่ผู้บริโภค ยุติการจ้างงานแบบชั่วคราว ค่าจ้างขั้นต่ำเท่ากันทั่วประเทศ'),('พลังคนกีฬา','082','IMG18','วิรุณ','เกิดชูกุล','28-10-52','เปิดโอกาสให้ผู้มีความสามารถจากภาคประชาชนเข้ามาบริหารประเทศในตำแหน่งรัฐมนตรี สนับสนุนให้ประชาชนได้มีส่วนร่วม การเมืองภาคพลเมืองอย่างจริงจังและเป็นรูปธรรม'),('รักประเทศไทย','089','IMG19','สุุรพนธ์','เวชกร','18-02-53','NULL'),('ประชาสามัคคี','091','IMG20','สมพร','จูมั่น','08-03-53','NULL'),('ไทยมหารัฐพัฒนา','096','IMG21','เชือก','โชติช่วย','06-07-53','NULL'),('เพื่อธรรม','098','IMG22','นลินี','ทวีสิน','23-08-53','สร้างสังคมสันติสุขให้เกิดขึ้นในหมู่ประชาชน ไม่ว่าจะนับถือศาสนาใด เพื่อร่วมแรงร่วมใจเป็นอันหนึ่งอันเดียวกันในการพัฒนาชีวิตความเป็นอยู่ของทุกคนให้ปลอดภัย และมีฐานะทางเศรษฐกิจที่ดีขึ้น | มุ่งแก้ปัญหาราคาพืชผลทางการเกษตรที่ตกต่ำ ทั้งยางพารา ปาล์ม และพืชเศรษฐกิจอื่นๆ รวมถึงการประมง และการค้าขายอื่น เพื่อยกระดับคุณภาพชีวิตของประชาชนให้มีหลักประกันทางอาชีพและรายได้ที่มั่นคง ยั่งยืน | มุ่งพัฒนาการท่องเที่ยวในพื้นที่จังหวัดภาคใต้ โดยสร้างและพัฒนาแหล่งท่องเที่ยวทางวัฒนธรรมและทางธรรมชาติ ควบคู่ไปกับการอนุรักษ์สิ่งแวดล้อมและวิถีชีวิตของชุมชน'),('ประชาธิปไตยใหม่','109','IMG23','สุรทิน','พิจารณ์','21-04-54','จัดตั้งกองทุนบำนาญประชาชน ให้บุคคลที่มีอายุ (ปี) 60 ปี ขึ้นไป รับบำนาญเดือนละ 3,000 บาท โดยแบ่งจ่ายสัปดาห์ละ 750 บาท | บัตรประชาชนมีมูลค่า 60,000 บาท สามารถนำมาประกันตัว ในชั้นสอบสวนและชั้นศาลได้ | จัดตั้งโรงพยาบาลรักษาหนี้ ปลูกต้นไม้ใช้หนี้ หนีโลกร้อน ตั้งกระทรวงศาสนา |  ส่งเสริมการใช้พลังงานแสงอาทิตย์ พลังงานทางเลือก สร้างระบบเก็บน้ำลงใต้ดินและนำน้ำมาใช้ | ปฏิรูปการศึกษา เป็นการศึกษาอัจฉริยะ (SMART EDUCATION) เรียนฟรีตั้งแต่เริ่มต้นจนถึงปริญญาตรี | กระตุ้นเศรษฐกิจ ด้วยนโยบาย Open Bangkok Open Thailand'),('พลังชล','112','IMG24','เชาว์','มณีวงษ์','04-05-54','NULL'),('สร้างไทย','115','IMG25','ประดิษฐ์','วงศ์วิลัย','02-06-54','NULL'),('ยางพาราไทย','116','IMG26','วรภัทร','ชำสุวรรณ','24-06-54','ผลักดันการใช้ยางพาราในประเทศอย่างเป็นรูปธรรมจริงจังและชัดเจน จัดตั้งกองทุนเสริมสร้างความมั่นคงในอาชีพและรักษาเสถียรภาพราคายาง สร้างระบบตลาดยางพาราให้ครอบคลุมครบวงจร ถูกต้องและเป็นธรรม สะสางปัญหาสวนยางในเขตที่ดินที่ไม่มีเอกสารสิทธิให้ชัดเจนและเป็นธรรม สนับสนุน สถาบันเกษตรกร ให้เป็นเกษตรอุตสาหกรรมอย่างเต็มรูปแบบ สนับสนุน อุตสาหกรรมของคนไทยในทุกด้านให้ก้าวไกล สู่ระดับโลก สร้างสังคมและชุมชนเข็มแข็ง ปลอดยาเสพติด ผลักดันแก้ปัญหาสิ่งแวดล้อม และปฏิรูประบบการศึกษา'),('ครูไทยเพื่อประชาชน','118','IMG27','ปรีดา','บุญเพลิง','28-06-54','ปฏิวัติการศึกษา คืนคุณค่าสู่สังคมไทย พร้อมก้าวไกลเทคโนโลยี บัตรคนดีปลดหนี้ประชาชน ผลิตภัณฑ์ชุมชนเพิ่มราคา ยางพารากิโลสองร้อย'),('พลังสหกรณ์','122','IMG28','จักรี','สุจริตธรรม','20-02-55','มุ่งแก้ไขฟื้นฟูระบบเศรษฐกิจของประเทศ ต่อต้านทุนใหญ่-ผูกขาดเอาเปรียบ ลดช่องว่างรวย-จน จะจัดการที่ดินของรัฐและนายทุนใหญ่มาสร้าง \"นิคมสหกรณ์\"\" ให้เกษตรกรรายย่อยเข้าทำกินให้เสร็จสิ้นใน 2 ปี/ส่งเสริมการแปรรูปเพิ่มมูลค่าสินค้าการเกษตรให้มีอุปกรณ์การตลาดของสหกรณ์ครบทุกตำบล ภายใน 2 ปี/ทุกหมู่บ้านมีร้านจำหน่ายผลิตผลแบบสหกรณ์ร้านค้า/เงินล้นระบบในสหกรณ์ได้รับการคุ้มครอง จัดตั้งธนาคารสหกรณ์/ปรับปรุงกฎหมายที่ไม่เป็นธรรมและปรับปรุงส่วนราชการที่เป็นอุปสรรค/ส่งเสริมปลูกไม้เศรษฐกิจแบบวนเกษตรปีละ 1 ล้านครอบครัว/สนับสนุนการศึกษาเรียนฟรีทุกระดับจนถึงปริญญาตรี นักศึกษามีงานทำระหว่างเรียน'),('พลังท้องถิ่นไท','124','IMG29','ชัชวาลล์','คงอุดม','30-03-55','ลดจำนวนหน่วยงานที่ทับซ้อนภารกิจ เปิดโอกาสให้ประชาชนมีส่วนร่วมในการบริหารราชการแผ่นดิน | การกระจายอำนาจเป็นวาระแห่งชาติ ให้ อปท. และราชการส่วนท้องที่ กำนันผู้ใหญ่บ้าน เป็นกลไกหนุนเสริมภาคประชาชน ยกระดับและพัฒนาคุณภาพชีวิตได้ด้วยตนเอง | จัดตั้งสภาพลเมืองเพื่อเป็นกลไกให้ประชาชนตรวจติดตาม แนะนำนักการเมือง และระบบราชการที่จัดบริการประชาชน | เปลี่ยนการศึกษาไทย ทักษะนำวิชาการ เชื่อมโยงระบบเศรษฐกิจฐานรากสู่เป้าหมายคนรุ่นใหม่มีรายได้ 500,000 บาทต่อปี | สร้างความมั่นคงทางรายได้ แก้จนครัวเรือน แก้จนชุมชน หนุนเสริมสินค้าชุมชน เป็นสินค้าสวัสดิการแห่งรัฐ | สร้างมาตรการแก้ปัญหายาเสพติด จับจริง – ลุยจริง จัดให้มีตำรวจชุมชนตรวจตรา 24 ชม. นำลูกหลานกลับสู่อ้อมกอดพ่อแม่'),('พลังเครือข่ายประชาชน','127','IMG30','สขภณ','ธีรชินคุณ','11-07-55','NULL'),('ถิ่นกาขาวชาววิไล','129','IMG31','ชุมชฎาธาร','หาญณรงค์','07-08-55','ยึดมั่นในการปกครองระบอบประชาธิปไตย อันมีพระมหากษัตริย์ทรงเป็นประมุข | ปัญหาของชาติต้องได้รับการแก้ไขด้วยธรรมวินัย ไตรสิกขา ศีล สมาธิ ปัญญา สนับสนุนส่งเสริมทุกศาสนา | จะส่งเสริมคนให้เป็นมนุษย์และเทวดา จะทำให้สังคมเป็นสังคมนิยมธรรม ให้คนได้รับการศึกษาอย่างทั่วถึง เรียนฟรีตั้งแต่ปฐมวัยจนถึงปริญญาตรี ให้ทุกคนรักษาพยาบาลฟรีทุกโรค ปฏิรูปพลังงาน ผลักดันราคาพืชผลทางการเกษตรให้มีราคาสูงขึ้น | เศรษฐกิจเป็นเศรษฐกิจพอเพียง ตามปรัชญาเศรษฐกิจพอเพียง การเมือง ใช้หลักคุณธรรมนำการเมือง ให้คนยากจนมีที่อยู่อาศัย ที่ทำกิน และเร่งแก้ปัญหาความยากจนและปัญหาจราจร กรุงเทพรถติด เศรษฐกิจย่ำแย่ สิ่งแวดล้อมเป็นพิษ ให้ทุกคนมีชีวิต'),('รักษ์ผืนป่าไทย','133','IMG32','ดำรงค์','พิเดช','09-01-56','1. เพิ่มป่าไม้ของประเทศจากการปลูกต้นไม้เพื่อสู้ภาวะโลกร้อน ประชาชนจะมีรายได้จากการปลูกต้นไม้ทดแทนโดยทางราชการจะเป็นผู้เพาะกล้าไม้ให้ 2. ที่ดินกรรมสิทธิ์และที่ดินที่รัฐจัดสรรให้สามารถตัดต้นไม้ที่ปลูกได้แต่จะไม่ได้รับเงินชดเชยภาวะโลกร้อน 3. พื้นที่ป่าสงวนแห่งชาติที่ราษฎรยากจนถูกจับให้ยุติคดีและให้เช่าพื้นที่จากกรมป่าไม้ 4. ยกเลิกชนิดพืชหวงห้ามและสัตว์ป่าคุ้มครองที่สามารถเพาะเลี้ยงได้บางชนิด 5. ห้ามใช้วัสดุที่ย่อยสลายได้ยากและให้ใช้พืชผักปลอดสารเคมีในการประกอบอาหารในสถานที่ราชการทุกแห่งทั่วประเทศไทย'),('ชาติประชาธิปไตยก้าวหน้า','141','IMG33','วิชิต','ดิษฐประสพ','28-06-56','NULL'),('เพื่อสันติ','142','IMG34','ปราโมทย์','สมะดี','18-07-56','NULL'),('พลังประเทศไทย','143','IMG35','สรินยา','คงมี','31-07-56','NULL'),('ไทรักธรรม','144','IMG36','พีระวิทย์','เรื่องลือดลภาค','16-08-56','พรรคไทรักธรรมมุ่งเน้นให้ประชาชนมีอาชีพเสริมเพิ่มรายได้จากอาชีพหลัก พร้อมจัดหาการตลาดให้อันนำไปสู่การลดภาระหนี้สิน เกิดเป็นเงินออมแก่ประชาชนอีกทั้งยังได้ระบบเงินปันผลโดยสหกรณ์ออนไลน์จากการทำอาชีพเสริม สร้างความเข้าใจแก่เกษตรกรไม่ให้เสียเปรียบนายทุน ให้เกษตรกรได้ลดต้นทุนการผลิต เพิ่มผลผลิตและราคาขายพืชผล อีกทั้งพรรคไทรักธรรมจะเป็นพ่อค้าคนกลางในสินค้าต่าง ๆ จนทำให้ประชาชนผู้บริโภคได้ซื้อในราคาถูก โดยสอนให้ประชาชนรู้จักผลิต รู้จักบริโภค และรู้จักค้าขาย นั้นคือ \"นโยบาย เพื่อปากท้องของประชาชน เมื่อประชาชนอยู่ดีกินดี ทุก ๆ ตำบลประเทศไทยจะพัฒนาและเจริญก้าวหน้าอย่างยั่งยืน\"\"\"'),('เสรีรวมไทย','145','IMG37','เสรีพิศุทธ์','เตมียเวส','29-08-56','หยุดความยากจน ลดความเหลื่อมล้ำของคนในชาติ | หยุดคอรัปชั่น นำงบประมาณมาพัฒนาประเทศ | หยุดปัญหายาเสพติด ขจัดผู้มีอิทธิพลให้สิ้นซาก | หยุดเผด็จการ ปฏิรูปทหาร | หยุดไฟใต้ สร้างสังคมสันติสุขสมานฉันท์ | หยุดสงครามสีเสื้อ สร้างความปรองดอง ก้าวสู่อนาคต'),('รักษ์ธรรม','147','IMG38','ศักดาวุธ','โกมลประเสริฐ','04-09-56','NULL'),('รวมพลังไทย','148','IMG39','อำนาจ','สอนทะมาตย์เดชา','11-09-56','NULL'),('เพื่อชาติ','149','IMG40','สงคราม','กิจเลิศไพโรจน์','18-09-56','เร่งสร้างและธำรงไว้ซึ่งการปกครองในระบอบประชาธิปไตยอันมีพระมหากษัตริย์ทรงเป็นประมุข การบริหารมีหลักธรรมมาภิบาล ขจัดการคอร์รัปชั่น มีสวัสดิการโดยรัฐ พัฒนาเศรษฐกิจทุกภาคส่วนอย่างสมดุลย์ พยุงราคาสินค้าการเกษตร ลดความเหลื่อมล้ำ นำหลักเศรษฐกิจพอเพียงมาเป็นหลักชัยในการพัฒนา เน้นการศึกษาสร้างคน สร้างงาน สร้างสังคมที่เข้มแข็งอบอุ่น ปลอดยาเสพติด ประชาชนมีความสุข มีสิทธิ เสรีภาพ และมีความเสมอภาคเท่าเทียมกัน'),('เพื่ออนาคต','150','IMG41','พูลเดช','กรรณิการ์','26-09-56','NULL'),('ชาติไทยสามัคคี','152','IMG42','นพพล','คงบันทึก','11-10-56','NULL'),('พลังประชาธิปไตย','153','IMG43','พูนพิพัฒน์','นิลรังษี','06-11-56','สร้างรัฐสวัสดิการจากครรภ์มารดาถึงวายชนม์ | มุ่งเน้นการกระจายอำนาจสู่ท้องถิ่น | เพิ่มสวัสดิการ กำนัน ผู้ใหญ่บ้าน อปพร. และ อสม. | ยกระดับโรงพยาบาลส่งเสริมสุขภาพตำบล เป็นโรงพยาบาลให้บริการเต็มรูปแบบ | การศึกษาให้เรียนฟรี จาก ป.1 ถึง ป.ตรี | จัดสรรทรัพยากรของชาติให้เป็นธรรม (ดิน น้ำ ลม ไฟ) | สนับสนุนให้ประชาชนและสื่อมวลชนมีส่วนร่วมในการแสดงออกอย่างเสรีและ เป็นธรรม | ปรับปรุง แก้ไข กฎหมายรัฐธรรมนูญ ให้สอดคล้องกับการเป็นอยู่ของวัฒนธรรมไทย และ นานาชาติ'),('ภราดรภาพ','154','IMG44','ดำรงดิศ','ดิศกุล','13-11-56','นโยบายพรรคภราดรภาพ ที่สามารถออกแบบได้จากคนไทยทุกคนมีส่วนร่วม เน้นการแก้ปัญหาด้านเศรษฐกิจและสังคม รวมไปถึง การสร้างความเท่าเทียมกัน นโยบายคนรวยต้องช่วยคนจนเพื่อลดความเหลื่อมล้ำ ส่งเสริมความสามัคคีของคนในชาติ พัฒนาประเทศให้มี ความเจริญรุ่งเรืองก้าวหน้าในทุกด้าน สร้างการเมืองไทยให้มีวัฒนธรรมที่ดีงามปราศจากการใส่ร้ายป้ายสี ไม่สร้างความแตกแยก สร้างโอกาสด้านการศึกษาให้ดีขึ้น สนับสนุนการปกครองระบอบประชาธิปไตยอันมีพระมหากษัตริย์ทรงเป็นประมุข'),('พลังไทยรักชาติ','155','IMG45','สุเทพ','เข้มแข็งปรีชานนท์','28-11-56','ประชาชนได้รับการบริการจากรัฐมาตรฐานเท่าเทียมกันทั้งหมด ประกันราคาข้าว เกวียนละ 15,000 บ. จะช่วยคนไทยที่ไม่มีที่อยู่อาศัยจะช่วยให้มีที่ของตนเอง คนละ 40 ตรว. ปราบปรามผู้มีอิทธิพลและยาเสพติดเป็นวาระแห่งชาติ อนุรักษ์ทรัพยากรธรรมชาติเป็นวาระแห่งชาติ ส่งเสริมนักวิทยาศาสตร์ในการคิดสร้างผลผลิต และคิดค้นทางด้านต่าง ๆ อย่างจริงจัง ครอบครัวคนจนเรียนฟรี อนุบาล ม.ปลาย กู้เรียนจบปริญญาไม่ต้องเสียดอกเบี้ย รักษาฟรีทุกโรค สำหรับคนจนและไม่มีเงิน ยื่นบัตรประชาชนขอรักษาฟรีได้เลย ประกันราคาผลิตผลทางการเกษตรทุกชนิดให้ได้ในราคาที่ต้องมีกำไร 3,000 – 5,000 บ. ขึ้นไป'),('เมืองไทยของเรา','156','IMG46','พิษณุ','พุทธสิม','28-11-56','NULL'),('เพื่อชีวิตใหม่','157','IMG47','ทองประเสริฐ','จันทรอัมพร','20-12-56','1. สนับสนุนให้มีโครงการอาหารกลางวันแก่นักเรียนนักศึกษาภาคบังคับโดยไม่มีค่าใช้จ่ายใดๆ 2. สนับสนุนให้มีโครงการรักษาในโรงพยาบาลของรัฐทุกแห่ง ทุกกรณี โดยไม่มีค่าใช้จ่ายใดๆ 3. สนับสนุนโครงการจัดสรรที่ดินแก่ประชาชนที่ไร้ที่ทำกิน ออกโฉนดที่ดินแก่ที่ครอบครองอย่างเสมอภาค 4. สนับสนุนให้ตั้งกองทุนทำปุ๋ยชีวภาพแจกจ่ายกันเองในกลุ่มเกษตรกรทุกภาคส่วน 5. สนับสนุนให้ตั้งคลินิกแก้จน ให้คำแนะนำปรึกษาแก้ไขปัญหาแก่ประชาชนทุกหมู่เหล่า 6. สนับสนุนให้มีการติดตั้งแผงโซล่าเซลล์ทุกครัวเรือน'),('เงินเดือนประชาชน','158','IMG48','กานท์ชญา','เทียนแก้ว','25-12-56','NULL'),('ปฏิรูปไทย','160','IMG49','พัฒนศักดิ์','ปิ่นศิริ','25-02-57','NULL'),('คนธรรมดาแห่งประเทศไทย','161','IMG50','ธนพร','ศรียากูล','05-03-57','เสนอนโยบายการปฏิรูปเชิงโครงสร้าง เพื่อนำพาประเทศก้าวสู่ความเป็นเสรีประชาธิปไตยอันเป็นสากล ด้วยการแก้ไขปรับปรุงกฎหมายที่ไม่สอดคล้องกับกาลสมัยและหลักนิติธรรม ส่งเสริมให้การกระจายอำนาจการปกครอง เพื่อเพิ่มประสิทธิภาพของรัฐในการตอบสนองความต้องการของประชาชน เพิ่มขีดความสามารถทางเศรษฐกิจและการแข่งขันของประเทศ ด้วยการขจัดการผูกขาดทางการค้า และส่งเสริมการทำเกษตรกรรมแบบอินทรีย์ ส่งเสริมความมั่นคงในชีวิตของประชาชน ด้วยการแก้ไขปัญหาที่ดินทำกิน และรับรองความเสมอภาคระหว่างบุคคลให้เท่าเทียมกัน'),('รักท้องถิ่นไทย','162','IMG51','จริญญา','รัตน์มณีบดีเดช','08-04-57','NULL'),('ผึ้งหลวง','164','IMG52','ก้องถพ','วังสุนทร','01-05-57','นโยบายกองทุนสร้างเศรษฐกิจและสังคม หมู่บ้าน / ชุมชนละ 20 ล้าน | นโยบายกองทุนพัฒนาเกษตรกรไทยสู่สากล | นโยบายปลดหนี้ - บำนาญประชาชน ด้วยไม้เศรษฐกิจ ไผ่กิมซุง 200,000 ล้าน | นโยบายประเทศไทย น้ำไม่ท่วม ไม่แล้ง | นโยบายปรับราคาประเมินที่ดินเกษตรกรรมไร่ละ 1 ล้าน | นโยบาย 1 อำเภอ 1 โรงงานแปรรูปการเกษตร 200 ล้าน | นโยบายประกันราคาสินค้าการเกษตรล่วงหน้า'),('มหาประชาชน','165','IMG53','มลฤดี','แย้มเกษสุคนธ์','06-05-57','NULL'),('เพื่อสหกรณ์ไทย','167','IMG54','วิเชียร','ปิ่ติสิทธิ์','16-05-57','พรรคเพื่อสหกรณ์ไทย“ปฎิรูปประเทศไทยด้วยวิถีสหกรณ์” แนวนโยบาย ( สร้างเกษตรและสถาบันเกษตรกรให้เข้มแข็งด้วยระบบสหกรณ์ตั้งแต่ระดับตำบลถึงระดับชาติ | สร้างสวัสดิการและการเงินชุมชนด้วยระบบสหกรณ์ | สร้างเศรษฐกิจฐานรากให้ยั่งยืนด้วยระบบสหกรณ์ “เกษตรกรอยู่รอด สวัสดิการชุมชนเข้มแข็ง เศรษฐกิจฐานรากยั่งยืน”)'),('เอกราชไทย','168','IMG55','กัมปนาท','เพิ่มสุข','19-05-57','NULL'),('ประชาธิปไตยเพื่อประชาชน','169','IMG56','ประมวล','พิมพ์เสน','21-05-57','อำนาจในการปกครองเป็นของประชาชน ระบบเศรษฐกิจใช้หลักสหกรณ์และหลักเศรษฐกิจพอเพียง สร้างสังคม บวร ด้วยหลักพุทธธรรมและรักษาหลักวินัยบัญญัติของพระพุทธเจ้า พัฒนาฝีมือแรงงานให้ตรงและเพียงพอต่อการจ้างงาน คุ้มครองสิทธิเสรีภาพและสวัสดิการแรงงานทั้งขณะจ้างงานและวัยเกษียณ ผู้สูงวัยมีคุณภาพด้วยภูมิปัญญาไทย จัดการศึกษาทั้งในระบบและตลอดชีพ คนไทยต้องมีทักษะในวิชาชีพหลายประเภท การสาธารณสุขให้ใช้ระบบรัฐสวัสดิการ คนไทยสุขภาพดีถ้วนหน้าด้วยกีฬาและสมุนไพรไทย ใช้ระบบไกล่เกลี่ยเบื้องต้น ขจัดกระบวนการยุติธรรมสองมาตรฐาน ยกเลิกการเกณฑ์ทหาร นำทรัพยากรพลังงานของชาติกลับมาเป็นของประชาชน ส่งเสริมนโยบายการรักษาป่าด้วยระบบธนาคารต้นไม้ นำพาประเทศไทยให้เป็นผู้นำในองค์กรระหว่างประเทศฯ'),('ทางเลือกใหม่','170','IMG57','ราเชน','ตระกูลเวียง','02-08-61','“เงินทุนเจ้าบ้าน เพื่อเศรษฐกิจไทยทุกครัวเรือน” ส่งเสริมเศรษฐกิจในครัวเรือนโดยตรงโดยการกระตุ้นเศรษฐกิจด้วยการให้สินเชื่อผ่านเจ้าบ้านที่มีชื่อในทะเบียนบ้านเพื่อยกระดับการพัฒนาประเทศผ่านทางเจ้าบ้านทุกครัวเรือน ส่งเสริมการเกษตรโดยหลักประเทศไทย ต้องเป็นศูนย์กลางการค้าพืชผลทางการเกษตรโลกและให้ความสำคัญโดยหลักคนไทยต้องมาก่อน (Thai first) เพื่อประชาชนคนไทยทั้งที่อยู่ในประเทศและต่างประเทศทั่วโลกจะได้รับความคุ้มครองดูแลในทุกมิติ จัดตั้งกระทรวงกีฬาโดยแยกการบริหารการกีฬาเป็นกระทรวงโดยเฉพาะ ด้วยตระหนักถึงความสำคัญของการกีฬาต่อการพัฒนาสุขภาพและศักยภาพของคนไทย นโยบายบริการรักษาโรคตลอด 24 ชั่วโมง รวมทั้งนโยบายศูนย์กลางอาหารฮาลาลโลกพรรคทางเลือกใหม่'),('มติประชา','171','IMG58','อนุชิต','งามเบญจวิชัยกุล','03-08-61','กระจายอำนาจให้ประชาชนมีส่วนร่วมกับกฎหมาย การเมือง การปกครอง ในระบอบประชาธิปไตย โดยผ่านเครื่องมือที่ง่ายและสะดวก เช่น โทรศัพท์มือถือ มากกว่าการทำหน้าที่เพียงไปลงคะแนนเสียงในวันเลือกตั้งเท่านั้น กระจายรายได้ เสริมสร้างเศรษฐกิจจากฐานราก สนับสนุนองค์ความรู้ภูมิปัญญาท้องถิ่น และเทคโนโลยีการจัดการเงินทุนและการตลาด ด้านการศึกษา ส่งเสริมการศึกษาเพื่อใช้ในการประกอบอาชีพ เพื่อให้มีทรัพยากรมนุษย์ที่เหมาะสมกับประเทศในอนาคต มีความสามารถทางภาษาเพื่อใช้ในการสื่อสาร และความสามารถในการคิดวิเคราะห์เพื่อใช้ในการตัดสินใจ'),('ประชาภิวัฒน์','172','IMG59','สมเกียรติ','ศรลัมพ์','10-08-61','จัดตั้งสำนักงานเลขานุการพระสังฆาธิการทุกระดับ | หนึ่งจังหวัดหนึ่งพุทธมณฑล | กำหนดค่าตอบแทนสำหรับไวยาวัจกร 9,000 บาทต่อเดือน | จัดตั้งธนาคารพระพุทธศาสนา | ส.ป.ก. เปลี่ยนมือได้ ใช้ประโยชน์อื่นได้หลากหลาย | ตั้งโครงการประเมินกู้แบงค์ได้ | กัญชาล้านไร่กระจายรายได้ให้ประชาชนทุกระดับ | นำเงินดูแลผู้สูงอายุท่านละ 5,000 บาท | สนับสนุนเบี้ยยังชีพสำหรับแม่เลี้ยงเดี่ยว (Single Mom) 10,000 บาท ต่อเดือน | ปรับโครงสร้างหนี้บัตรเครดิตและล้างประวัติระบบเครดิตบูโร'),('พลเมืองไทย','173','IMG60','ศิลัมพา','เลิศนุวัฒน์','10-08-61','ยึดมั่นประชาธิปไตย ตัดสินใจโดยท้องถิ่น | ยุบหน่วยงานภาครัฐที่ล้าหลัง สร้างหน่วยงานที่รับผิดชอบต่อพลเมืองไทย โดยใช้เทคโนโลยีดิจิทัล | ปฏิวัติระบบการป้องกันและปราบปรามการทุจริตตามมาตรฐานสากล เพื่อลงโทษคนทุจริตโดยเร่งด่วน | เพิ่มโอกาสทำมาหากินของทุกคนทุกพื้นที่ด้วยเทคโนโลยีดิจิทัล โดยต่อยอดจากตลาดท้องถิ่นสู่ตลาดสากล | พลเมืองไทยร่วมกันสร้าง \"สังคมสวัสดิการ\"\" เพื่อดูแลคนจน คนพิการ ผู้ด้อยโอกาส และผู้สูงอายุ | ให้ท้องถิ่นตรวจสอบการทอดทิ้งที่ดิน เพื่อยึดเป็นของรัฐตามกฎหมายที่ดิน และจัดสรรที่ดินให้คนจนที่ยากไร้\"'),('รวมใจไทย','174','IMG61','นพดล','อมรเวช','31-08-61','มุ่งมั่น นำไทยสู่อุดมการณ์ประชาธิปไตย พร้อมขับเคลื่อนยุทธศาสตร์ ๔ สร้าง เพื่อประชาชนและสังคมที่ดี ( สร้างอำนาจปกครองยุติธรรม, สร้างสังคมยุติธรรม, สร้างนำเศรษฐกิจประชาชน, สร้างชีวิตคนคุณภาพ) | ขับเคลื่อนนโยบายหลัก 5 ทำ สู่มาตรฐานชีวิตที่ดี ( ภาษีมูลค่าเพิ่มเพื่อการครองชีพ 0%, วุฒิการศึกษาค้ำประกันเงินกู้เพื่อการลงทุนประกอบอาชีพ สูงสุด 1 ล้านบาท, โรงพยาบาลตำบล 1 แพทย์ 2 พยาบาล, ธนาคารตำบล เพื่อการลงทุนและการศึกษา, 1 ตำบล 1 ศูนย์ภาษาอาเซียน ) | และขับเคลื่อน 4 ผลักดัน ( นิคมอุตสาหกรรมเกษตรภูมิภาค, กองทุนข้าวและพืชผลหลัก, อุโมงค์ผันน้ำและชลประทานระบบท่อเพื่อเกษตรกรรม, ผลิตภัณฑ์สินค้าเกษตร ทีจีแบรนด์ (TG-BRAND) เพื่อการบริโภคและส่งออกสร้างรายได้)'),('พลังธรรมใหม่','175','IMG62','ระวี','มาศฉมาดล','14-09-61','ปลดแอกประเทศไทยสู่สังคมธรรมาธิปไตย โดย คอร์รัปชั่น 0% -คดีทุจริตไม่มีอายุ (ปี) ความ,ทุจริตเกิน 50 ล้านประหารชีวิต ถ้ารับสารภาพเหลือจำคุกตลอดชีวิต, เอาน้ำมัน-แก๊สของคนไทยคืนมา ราคาต้องเป็นธรรม ลดราคาน้ำมัน 5 บาท/ลิตร แก๊สหุงต้ม 250 บาท/ถัง, หมอประจำตัวทั่วไทย ภายใน 1 ปี คนไทยทุกคนมีหมอประจำตัว ใส่ใจการแพทย์ผสมผสาน จัดการอาหารปลอดภัย, ปรับลด ปลดหนี้ ลดรายจ่าย เพิ่มรายได้ ด้วยเศรษฐกิจพอเพียง ใช้เศรษฐกิจพอเพียง นำเศรษฐกิจไทยสู่ความยั่งยืน, เกษตรกรทุกคนต้องมีที่ดินทำกิน โดยการตั้งเขตเศรษฐกิจพอเพียง ยกระดับราคาสินค้าเกษตรอย่างบูรณาการและยั่งยืน'),('ประชาชนปฏิรูป','176','IMG63','ไพบูลย์','นิติตะวัน','03-10-61','น้อมนำคำสอน “พระพุทธเจ้า” มาปฏิบัติ เพื่อแก้ไขปัญหา “ทุกข์ร้อน” ให้ประชาชนอย่างยั่งยืน | ให้พรรคประชาชนปฏิรูปเป็น “องค์กรสาธารณกุศลระดับชาติ” โดยจัดตั้ง “สภาประชาชนปฏิรูปจังหวัด” ทั้ง 77 จังหวัด เพื่อเป็นเครื่องมือของประชาชน ในการตรวจสอบถ่วงดุล เจ้าหน้าที่รัฐ หน่วยงานของรัฐในจังหวัดนั้น และแก้ไขปัญหาทุกข์ร้อนให้ประชาชนด้วยกฎหมายจนถึงที่สุด | เป็น “พรรคฝ่ายคุณธรรม” สร้างมิติใหม่ของพรรคการเมือง เป็นผู้นำในการปฏิรูปพรรค ปฏิรูปการเมือง ปราศจากการให้อามิสสินจ้างอย่างแท้จริง และพรรคประชาชนปฏิรูปดำเนินการด้วยความเปิดเผย โปร่งใส ตรงไปตรงมา โดยมี “นายไพบูลย์ นิติตะวัน” หัวหน้าพรรคเป็นผู้รักษาหลักการของพรรค'),('อนาคตใหม่','177','IMG64','ธนาธร','จึงรุ่งเรืองกิจ','03-10-61','พรรคอนาคตใหม่จะพัฒนาประเทศไทยให้คนไทยเท่าเทียมกัน ประเทศไทยเท่าทันโลก ด้วยการกระจายอำนาจสู่ในท้องถิ่น สร้างสวัสดิการประชาชนถ้วนหน้า ปฏิวัติการศึกษา ทลายเศรษฐกิจผูกขาด หยุดการเอื้อประโยชน์ระหว่างรัฐบาลและกลุ่มทุนขนาดใหญ่ สร้างระบบขนส่งสาธารณะเพื่อทุกคน ยกระดับการภาคเกษตรสู่เกษตรก้าวหน้าด้วยเทคโนโลยี พัฒนาเศรษฐกิจดิจิทัลเพื่อประชาชน แก้ปัญหาทุจริตด้วยการสร้างรัฐเปิดเผย เปิดรับความแตกต่างหลากหลายในสังคม สร้างสิ่งแวดล้อมยั่งยืน ปฏิรูปกองทัพ ปรับลดงบประมาณกระทรวงกลาโหม เลิกระบบเกณฑ์ทหาร ล้มล้างมรดก คสช. คืนประชาธิปไตยและสิทธิมนุษยชน'),('ไทยธรรม','178','IMG65','อโณทัย','ดวงดารา','24-10-61','ด้านการเกษตร : การประกันรายได้พืชผลทางการเกษตรของพี่น้องเกษตรกรต้องได้รับการประกันราคาที่พออยู่พอกินและทำได้จริงๆ | ด้านแรงงาน : ผู้ใช้แรงงานมีชีวิตที่ดีขึ้น พนักงานลูกจ้างชั่วคราว (ซัพคอนแทคน์) ต้องได้รับสิทธิขั้นพื้นฐาน เช่น ค่าแรง, โบนัส, สิทธิการบรรจุต้องเท่าเทียมพนักงานประจำ | ด้านผู้สูงวัย : เพิ่มเบี้ยยังชีพให้มากขึ้น ให้ดำรงชีพได้พออยู่พอกินตามสภาพสังคมปัจจุบัน | ด้านการศึกษา : การศึกษาเรียนฟรี 15 ปี ต้องได้เรียนฟรีจริง ๆ'),('เพื่อนไทย','179','IMG66','สิระ','พิมพ์กลาง','24-10-61','เป็นนโยบายด้านเศรษฐกิจ การศึกษาให้ได้รับการศึกษาถึงขั้นปริญญาตรีเป็นอย่างต่ำ ด้านสวัสดิการสังคม ต้องดูแลสังคมผู้สูงวัยให้มีเบี้ยผู้สูงอายุขึ้น ตามสภาวะปัจจุบัน ด้านการเมืองไม่ฝักใฝ่ฝ่ายการเมืองใดการเมืองหนึ่ง เน้นความสามัคคีของคนในชาติ ศรัทธาในระบอบประชาธิปไตยอันมีพระมหากษัตริย์ทรงเป็นพระประมุข และจะดำเนินนโยบายทุกอย่างบนความเป็นไปได้โดยไม่ขัดต่อแผนพัฒนาประเทศ 20 ปี'),('ไทยศรีวิไลย์','180','IMG67','มงคลกิตต์','สุขสินธารานนท์','24-10-61','ฟื้นเศรษฐกิจ ซ่อมฟิตระบบราชการ ปราบโกง โปร่งใส พรรคไทยศรีวิไลย์'),('รวมพลังประชาชาติไทย','181','IMG68','จัตุมงคล','โสณกุล','26-10-61','ย้ำปฏิรูป: ที่สำคัญเอาทรัพยากรและอำนาจจากส่วนกลางให้จังหวัด ซึ่งมีผู้ว่าราชการที่ประชาชนเห็นชอบ | เศรษฐกิจชาวบ้านสำคัญที่สุด: ให้เกษตรกรขายพืชผลได้กำไรร้อยเปอร์เซ็นต์ของต้นทุน, ส่งเสริมเกษตรอินทรีย์-ปลอดสารพิษ, มีเขตพิเศษ “ทุ่งกุลา” เป็นต้นแบบ “พอเพียง”, ปลูกไม้ยืนต้นเพื่อใช้หรือขายได้, เปลี่ยนการท่องเที่ยวเป็นของชุมชนและครัวเรือนแทนที่เป็นเพียงของภาคธุรกิจ,จัดกองทุนให้ชาวบ้านกู้ยืมเพื่อที่อยู่อาศัยและพ้นจากหนี้นอกระบบ, เรียนอาชีวะและวิชาชีพฟรี จบแล้วรายได้ดี | จัดแพทย์และพยาบาลประจำรพ.สต., ยกคุณภาพ รพ. ชุมชนให้เท่า รพ. จังหวัด, อบรม อสม. มาบริบาลผู้สูงวัยและผู้พิการ โดยมีค่าตอบแทน'),('สยามพัฒนา','182','IMG69','บุญส่ง','เกิดหลำ','26-10-61','ส่งเสริมและพัฒนาการศึกษาให้มีการเรียนการสอน 3 ภาษาในสถานศึกษา (ไทย,จีน,อังกฤษ) | กำหนดราคาพืชเศรษฐกิจทุกชนิดส่งเสริมและพัฒนาเศรษฐกิจแบบเกินดุล | ด้านการปกครอง ให้มีการกระจายอำนาจสู่ท้องถิ่นอย่างแท้จริง | ด้านยุติธรรม ปฏิรูปกฎหมายที่ไม่เป็นธรรม เพื่อให้เกิดประโยชน์กับพี่น้องประชาชน | ด้านทรัพยากรธรรมชาติ บริหารจัดการน้ำอย่างเป็นระบบ แสวงหาพลังงานทดแทน | ด้านสังคม จัดให้เป็นรัฐสวัสดิการอย่างสมเหตุสมผล โดยเพิ่มเบี้ยยังชีพผู้สูงอายุและคนพิการอย่างยั่งยืน'),('เพื่อคนไทย','183','IMG70','วิทยา','อินาลา','29-10-61','ใช้ศาสตร์พระราชาเพื่อเป็น : ตำบลอัจฉริยะ 4 สร้าง : 5 เป้าหมาย ( สร้างปัญญา : โรงเรียนอัจฉริยะ | สร้างเศรษฐกิจ : คนไทยอยู่ดีมีสุข เกษตรกร และ SME ทุกคนมีบัตรคนรวย กองทุนบำเหน็จบำนาญเกษตรกร กองทุนบำเหน็จบำนาญวิสาหกิจขนาดกลางและขนาดย่อม (SMES) | สร้างสุขภาพ : คนไทย 90 ปี สุขภาพดีถ้วนหน้า | สร้างวัฒนธรรมสร้างชาติ : ครอบครัวไทย มีความอบอุ่น ชุมชนไทยเข้มแข็ง ลดความเหลื่อมล้ำในสังคม )'),('พลังปวงชนไทย','184','IMG71','นิคม','บุญวิเศษ','29-10-61','เสริมฐานรากเก่าสร้างฐานรากใหม่ เพื่อประเทศไทยมั่นคงเศรษฐกิจมั่งคั่งและยั่งยืน | เปิดประเทศไทย 24 ชั่วโมง | 30 บาท รักษาทั่วไทย O-VOG หนึ่งผลิตภัณฑ์ หนึ่งสินค้าชุมชน | เกษตรกรปลอดหนี้ภายในสามปีสร้างฐานะดีร่ำรวยภายใน 5 ปี ส่งเสริมให้เกษตรกรไทยหายจนอย่างยั่งยืน | นิรโทษกรรม นักธุรกิจเก่าด้วยการทบทวนปลดเครดิตบูโร | จัดสรรที่ดินรัฐให้ประชาชนได้อยู่อาศัยและทำกิน | สวัสดิการประชาชนเกิดจากการใช้จ่าย มีรายได้คืน, พนักงานบริษัทต้องมีสวัสดิการเทียบเท่าข้าราชการ'),('พลังไทยรักไทย','185','IMG72','คฑาเทพ','เตชะเดชเรืองกุล','30-10-61','พักหนี้เกษตรกร 3 ปี ตั้งกองทุนหมู่บ้าน ๆ ละ 3,000,000 พร้อมต่อยอด OTOP 30 บาทรักษาทุกโรคได้จริง พลังแผ่นดินปลอดยาเสพติด อิสานเขียวภาค 2 เมกโปรเจค โขงชีมูลปิงวังยมน่าน พื้นที่การเกษตรมีน้ำตลอดปี เปลี่ยน สปก. เป็นโฉนด ใต้ร่มเย็นเน้นการพัฒนาฟื้นฟูคุณภาพชีวิต เพิ่มสวัสดิการพื้นฐานผู้สูงอายุ คนพิการและผู้ด้อยโอกาสให้สูงขึ้น ตั้งกองทุนแห่งรัฐพัฒนาประเทศ ตั้งบรรษัท เกษตรแห่งชาติจำกัด (มหาชน) สร้างท่าเรือน้ำลึกอ่าวไทยอันดามันเชื่อมด้วยรถไฟรางคู่ 1 ตำบล 1 ธนาคาร 1 จังหวัด 1 แหล่งท่องเที่ยว 1 ตำบล 1 ทุน ทุนการศึกษาจบปริญญาตรีฟรี มีงานทำ'),('พลังชาติไทย','186','IMG73','ทรงกลด','พิพย์รัตน์','31-10-61','“หาเงินก่อน ทำนโยบาย” เกิดขึ้นเป็นครั้งแรกของประเทศไทย จึงไม่เหมือนใครหรือพรรคใดเพราะ “เงิน” เท่านั้นที่จะแก้ไขปัญหาของประเทศได้ทั้งหมด “พรรคพลังชาติไทย” มี 5 โครงการหาเงิน (กกต.รับรองและถูกต้องตามกฎหมายแล้ว) คือ ขุดคลองไทย, เปิดสถานบันเทิงครบวงจร เช่น ลาสเวกัส, ทำเกษตรอินทรีย์ทั้งประเทศ, เปลี่ยนแปลงการท่องเที่ยวเป็นมาตรฐานสากล และเปิดศูนย์กลางการเงินของโลก รวมรายได้มากมายมหาศาลกว่า 18 ล้านล้านบาท/ปี เป็น “รัฐสวัสดิการ” เช่น ผู้สูงอายุได้ 5,000 บาทต่อเดือน / อสม., อปพร. ...ได้ 5,000 บาทต่อเดือน / สร้างร้านค้าตำบลให้ชาวบ้านทั้ง 7,255 ตำบลทั้งประเทศ และพัฒนาคุณภาพชีวิต เช่น เลิกหนี้ (ล้างหนี้ - ยกหนี้ – ปลดหนี้) ให้ประชาชน'),('ประชาชาติไทย','187','IMG74','วันมูหะมัดนอร์','มะทา','31-10-61','แก้ปัญหาของชาติด้วยวิถีทางประชาธิปไตยอันมีพระมหากษัตริย์ทรงเป็นประมุขที่ธำรงไว้ซึ่งหลักนิติธรรม ส่งเสริมสังคมพหุวัฒนธรรมที่เคารพให้เกียรติในความแตกต่างหลากหลายทางวัฒนธรรม ยกเลิกและปฏิรูปกฎหมาย กระบวนการยุติธรรม ระบบงบประมาณและภาษีอากรให้เกิดความเป็นธรรม ส่งเสริมระบบรัฐสวัสดิการด้านการศึกษา การรักษาพยาบาลฟรี ระบบบำนาญและสวัสดิการ (เบี้ยผู้สูงอายุ (ปี) 3,000 บาท / เดือน) ยกระดับโครงสร้างพื้นฐานด้านสาธารณูปโภคและคมนาคม แก้ไขปัญหาความยากจน หนี้สิน ความเหลื่อมล้ำทั้งด้านเศรษฐกิจ, สิทธิเสรีภาพ, กฎหมาย, ศักดิ์ศรีและเชิงพื้นที่ ขจัดการทุจริต เกษตรกรมีที่ดินทำกินและเป็นเจ้าของกรรมสิทธิ์ในที่ดิน แก้ไขปัญหาน้ำทั้งระบบ สินค้าเกษตรให้ขายได้ราคาสูงสุด ส่งเสริมการท่องเที่ยวและการกีฬา แก้ปัญหายาเสพติด'),('แผ่นดินธรรม','188','IMG75','กรณ์','มีดี','02-11-61','ธนาคารพุทธธนาคารเพื่อชาวพุทธ | บัญญัติให้พระพุทธศาสนาเป็นศาสนาประจำชาติ | เพิ่มวิชาสมาธิภาวนาเป็นวิชาบังคับในโรงเรียนทุกระดับ | ยกเลิกกองทุนน้ำมันดีเซลและลดราคาน้ำมันทุกชนิด | 1 จังหวัด 1 โรงพยาบาลแพทย์แผนไทย | ตั้งกระทรวงชาวนาและกระทรวงยางพารา | แก้กฎหมายความเร็วรถให้เหมาะกับสภาพรถและถนนปัจจุบัน | พักใช้ข้อมูลเครดิตบูโร 1 ปี | นิคมไทยพุทธ 3 จังหวัดชายแดนใต้ | ให้โรงเรียนพระปริยัติสามัญเป็นโรงเรียนของรัฐ'),('คลองไทย','189','IMG76','สายัณห์','อินทรภักดิ์','02-11-61','ผลักดันโครงการคลองไทยด้วยการเสนอร่างพระราชบัญญัติคลองไทยในสภาผู้แทนราษฎรให้มีกฎหมายรองรับโครงการคลองไทย เพื่อนำรายได้จากโครงการคลองไทยไปพัฒนาเศรษฐกิจและสังคมของประเทศให้มีความมั่นคง มั่งคั่ง ยั่งยืน | แก้ไขปัญหาของประเทศด้านพลังงาน ที่ดินทำกิน ยาเสพติด การทุจริตคอรัปชั่น การค้ามนุษย์ | พัฒนาประเทศตามแผนพัฒนาเศรษฐกิจและสังคมแห่งชาติและแผนงบประมาณรายจ่ายของรัฐให้เกิดประสิทธิภาพสูงสุด'),('ประชาธรรมไทย','190','IMG77','พิเชษฐ','สถิรชวาล','02-11-61','นโยบายยกระดับคุณภาพชีวิตประชาชนและเพิ่มรายได้ให้กับประชาชนอย่างเท่าเทียมกันในด้านการศึกษา สาธารณสุข ประกันอนาคตชีวิตให้แก่เด็กแรกเกิด สร้างความเสมอภาคและสิทธิเสรีภาพอันเท่าเทียมกัน ให้กับประชาชนทุกเพศ ประกอบกับเพิ่มคุณภาพชีวิตให้กับคนพิการและผู้สูงวัยในด้านการศึกษา คนไทยต้องได้เรียนฟรีอย่างคุณภาพ อย่างเท่าเทียมกัน ตลอดจนพัฒนาคุณภาพชีวิตครูและบุคลากรทางการศึกษาทั้งภาครัฐและเอกชน ด้านเศรษฐกิจ การเพิ่มมูลค่าให้กับสินค้าเกษตร รวมถึงสนับสนุนทุกกลุ่มอาชีพ เปิดตลาดส่งออกใหม่ ขยายตลาดการท่องเที่ยวให้ดีขึ้น ขยายความสัมพันธ์ที่ดีขึ้นกับนานาประเทศเพื่อเพิ่มตลาดการลงทุน การส่งออก และการท่องเที่ยว'),('ประชานิยม','191','IMG78','ยงยุทธ','เทพจำนงค์','07-11-61','ให้นายจ้างจ่ายเงินประกันสังคมแทนลูกจ้างทั้งหมด ยกเลิกหักเงินเดือนลูกจ้างร้อยละ 5 ที่นำส่งประกันสังคมสูงสุด 9,000 บาท / คน / ปี, ค่าแรงขั้นต่ำ 360 บาท / คน / วัน ทั่วประเทศ, หยุดกองทัพซื้ออาวุธ 10 ปี นำเงิน 400,000 ล้านบาท ไปพัฒนาประเทศ, เปลี่ยนงบซื้อรถถัง ไปซื้อรถโดยสารปรับอากาศ 10,000 คัน เปลี่ยนงบซื้อรถถัง ไปซื้อรถไถนา, รถดำนา, รถเกี่ยวนวดข้าวประจำหมู่บ้าน และรถตัดอ้อยให้ชาวนา ชาวไร่ใช้ฟรี รับซื้อน้ำยางพาราสด 80 บาท / กิโลกรัม, ผลปาล์มสด 4 บาท / กิโลกรัม, สร้างโรงงานผลิตหมอนยางพารา, ยางรถยนต์ สร้างอาคารรักษาพยาบาลในโรงพยาบาลเพิ่ม 100,000 เตียง, ธนาคารครู, รถตู้ รับ - ส่ง นักเรียน ประจำตำบล'),('พลังประชารัฐ','192','IMG79','อุตตม','สาวนายน','07-11-61','สวัสดิการประชารัฐ เพื่อขจัดความเหลื่อมล้ำผ่านบัตรประชารัฐ การให้สวัสดิการรายกลุ่ม ลดหนี้สร้างเงินออม และช่วยเหลือด้านที่อยู่อาศัยและที่ทำกิน | สังคมประชารัฐ เพื่อสร้างสังคมสงบสุข เข้มแข็งแบ่งปัน ผ่านการพัฒนา การศึกษา การกระจายความเจริญ การสร้างเมืองอัจฉริยะสีเขียว การพัฒนาชุมชนสีขาว กรุงเทพ 5.0 | เศรษฐกิจประชารัฐ เพื่อสร้างความสามารถและโอกาสที่เท่าเทียม ผ่านการยกระดับความสามารถผู้ผลิต การเกษตรประชารัฐ การท่องเที่ยวชุมชนและเศรษฐกิจสร้างสรรค์ เศรษฐกิจชีวภาพ การพัฒนาโครงสร้างพื้นฐานแห่งอนาคต และการลดอุปสรรคในการดำเนินธุรกิจ'),('เศรษฐกิจใหม่','193','IMG80','มิ่งขวัญ','แสงสุวรรณ','08-11-61','ได้เวลาความสุขของคนไทยทั้งประเทศด้วยระบบเศรษฐกิจใหม่ ( วางตำแหน่งประเทศไทย เพื่อความได้เปรียบและมีศักยภาพสูงในการแข่งขัน, หารายได้เข้าประเทศโดยสร้างระบบการเงินเสรี, ศูนย์กลางการเงิน, พลังงาน, การแพทย์ และอื่นๆ, ดูแลความมั่นคงปลอดภัยในชีวิตและทรัพย์สินของคนไทย, สร้างความสัมพันธ์อันดี ทั้งการค้า การลงทุน การทูตกับนานาชาติ)'),('ไทยรุ่งเรือง','194','IMG81','ฉัตรชัย','แนวพญา','08-11-61','คุณธรรมนำการเมืองพูดความจริง ทำในสิ่งที่เป็นไปได้ ทำทุกเรื่องเพื่อประเทศชาติพัฒนาและประชาชนมีความสุข ให้ประชาชนมีส่วนร่วมในการนำเสนอนโยบายและพร้อมที่จะนำไปปฏิบัติ'),('พลังรัก','195','IMG82','ภรัณ','กิตติวัฒน์','21-11-61','คงไว้ซึ่งระบอบประชาธิปไตยอันมีพระมหากษัตริย์เป็นประมุข พัฒนาคนไทยให้มีศักดิ์ศรี มีภาวะผู้นำเป็นคนดี มีความรู้ความสามารถ และศีลธรรมอันดี สร้างความรัก สามัคคี ส่งเสริมธุรกิจชุมชน โดยประชาชน และเอกชนให้มีส่วนร่วมในการบริหารจัดการในการสร้างรายได้ระดับชุมชนและระดับชาติ แก้ปัญหาเศรษฐกิจตามศาสตร์พระราชา'),('ชาติพันธุ์ไทย','196','IMG83','พลศุภรักษ์','ศิริจันทรานนท์','21-11-61','ธำรงไว้ซึ่งการปกครองในระบอบประชาธิปไตยอันมีพระมหากษัตริย์เป็นประมุข ยึดมั่นในสถาบันชาติ ศาสนา และพระมหากษัตริย์ มุ่งเน้นความรู้รัก สามัคคีภายในชาติ ที่มีความหลากหลายทางชาติพันธุ์ซึ่งทุกคนเป็นคนไทยเหมือนกันมีความเสมอภาค เท่าเทียมและยุติธรรมไม่มีการแบ่งแยกแตกต่างระหว่างกัน ส่งเสริมการมีส่วนร่วมทุกภาคส่วน | กระจายอำนาจสู่ท้องถิ่นโดยยึดถือฐานรากแห่งสังคม อัตลักษณ์และวัฒนธรรมที่หลากหลาย | ปรับปรุงแก้ไขกฎหมายและการบริหารราชการแผ่นดินเพื่อนำไปสู่การสร้างสังคมแห่งโอกาสและความเท่าเทียมเสมอภาคและเป็นธรรม พร้อมที่จะก้าวเดินไปด้วยกัน'),('ภูมิพลังเกษตรกรไทย','197','IMG84','คำนึง','พุฒหอม','26-11-61','ควบคุมต้นทุนการผลิตให้ต่ำกว่าราคาผลผลิต นำนวัตกรรมเทคโนโลยีการเกษตรสมาร์ทฟาร์มเมอร์มาช่วยรักษาคุณภาพผลผลิต จัดสรรการใช้น้ำให้พอเพียง จัดสรรทุนการศึกษาให้บุตรหลานเกษตรกรเรียนฟรีถึงปริญญาโทในสถานศึกษาของรัฐ รักษาพยาบาลฟรี หัวหน้าครอบครัวเกษตรกรมีสวัสดิการให้สามารถเลี้ยงครอบครัวได้ภายหลังอายุ 60 ปี นำเกษตรอินทรีย์ดูแลชีวิตของสังคม สนับสนุนส่งเสริมให้มีการรวมตัวของเกษตรกรเพื่อลดต้นทุนการผลิต และใช้ทรัพยากรปัจจัยการผลิตร่วมกัน ลดหนี้ของเกษตรกรให้เป็นศูนย์ภายใน 4 ปี'),('พลังสังคม','198','IMG85','วิฑูรย์','ชลายนนาวิน','26-11-61','นโยบายแก้ไขปัญหาที่ดินทำกินของราษฎร ให้มีเอกสารสิทธิ์โดยชอบตามกฎหมาย ทุกครัวเรือนโดยปรับปรุงระเบียบและข้อกฎหมายที่เกี่ยวข้อง | นโยบายสหกรณ์พรรคพลังสังคมที่เกี่ยวกับเรื่องที่ดินทำกิน | แก้ไข ปรับปรุงกฎหมาย เครดิตบูโร โดยการผลักดันให้มิให้โดน Blacklist โดยลดเงื่อนไขลง 1 ล้านบาท มิให้เป็นหนี้ | ตั้งศูนย์รับเรื่องราวร้องทุกข์ ทั้ง 4 ภาค ในทุกเรื่องโดยเน้นที่ดินทำกิน'),('พลังแรงงานไทย','199','IMG86','พิเชษฐ์','ภูแก้ว','26-11-61','ยกเลิกกฎหมายหนี้สินที่ไม่เป็นธรรม | ให้ที่ทำกินครอบครัวละ 5 ไร่ | รักษาพยาบาลฟรี | เรียนฟรีชั้นอนุบาลถึงปริญญา | ยกเลิกหนี้สิน กยส. และ เครดิตบูโร | ยกระดับเกษตรกรและแรงงานสู่สากล'),('พลังไทสร้างชาติ','200','IMG87','ณภัคธร','ชัยสงคราม','26-11-61','แปลงวุฒิการศึกษาเป็นทุนทรัพย์ เป็นพรรคของเกษตรกร และคนฐานราก สร้างความเท่าเทียมทางสังคม 1 แพทย์ 1 โรงพยาบาลส่งเสริมสุขภาพตำบล สร้างตลาดทุน เพื่อเกษตรกร'),('พลังศรัทธา','201','IMG88','อนันตร์','บุญรำไพ','26-11-61','เรียนฟรีจนถึงมัธยมปลาย อาหารกลางวันฟรี รถไฟชั้น 3 ฟรี รถเมล์ฟรีเชื่อมโยงทุกภูมิภาค ที่ทำกินฟรี ออกเอกสารสิทธิเสมอภาคปุ๋ยชีวภาพฟรี รักษาพยาบาลฟรี มีครูสอนภาษาต่างประเทศให้นักเรียนและประชาชนฟรี จัดให้มีคลินิกให้คำปรึกษาปัญหาแก้จนฟรี ปลูกไม้ยืนต้นในที่ตนเองได้ทุกชนิดเป็นไม้เศรษฐกิจปลูกได้ตัดได้ ติดตั้งแผงโซล่าเซลฟรี พักหนี้เกษตรกร หนี้ กยศ. และหนี้ราชการ 4 ปี ให้บำนาญราชการตกทอดถึงลูกหลาน และคู่สมรส'),('พลังแผ่นดินทอง','202','IMG89','อนุวัฒน์','วิใจเงิน','03-12-61','นโยบายและยุทธศาสตร์พรรคพลังแผ่นดินทองการบริหารประเทศมั่งคง มั่งคั่ง และยั่งยืน ระยะ 4 ปี (พ.ศ.2562-2565) รวม 5 นโยบาย 73 แนวทางพัฒนา ดังนี้ นโยบายที่ 1 พัฒนาอาชีพรายได้ของประชาชนเพื่อคุณภาพชีวิตที่ดี นโยบายที่ 2 พัฒนาคนไทย 4.0 เพื่ออนาคตประเทศไทย นโยบายที่ 3 ลดความเหลื่อมล้ำ ความยากจนและจัดสวัสดิการเพื่อคนไทยอยู่ดีมีสุขทั่วหน้า นโยบายที่ 4 ยกระดับการพัฒนาภาคและพื้นที่เป้าหมายทางเศรษฐกิจเพื่อการแข่งขัน นโยบายที่ 5 พัฒนาสร้างอนาคตประเทศไทย'),('กลาง','203','IMG90','ชุมพล','ครุฑแก้ว','11-12-61','พรรคกลางนำเสนอเทคโนโลยีเพื่อประชาธิปไตย ด้วยประชาธิปไตยทางตรง อำนาจจะอยู่ในมือ(ถือ)ของประชาชนตลอดไป [ปชช.มีส่วนร่วมได้ในทุกการตัดสินใจและเป็นผู้ลงประชามติได้ปีละหลายครั้ง รวมถึงการเสนอนโยบายเองได้ด้วยปลายนิ้ว] เราไม่มีนายทุนชี้นำเบื้องหลัง เราเป็นจิตอาสาจากหลากหลายอาชีพ เสียสละเข้ามาร่วมงาน ก้าวข้ามความขัดแย้ง พัฒนาอย่างสร้างสรรค์ เน้นแก้ปัญหาอย่างยั่งยืน มุ่งสร้างความเที่ยงธรรมในสังคม และ ส่งเสริมการมีส่วนร่วม/รับฟัง/กระจายอำนาจ ส.ส.พรรคกลางจะทำงานต่อเนื่องช่วยเหลือ ปชช. ผ่านศูนย์ร้องเรียน ที่จะช่วยให้คำปรึกษาด้านกฎหมายด้วยเครือข่ายจิตอาสา ส.ส.พรรคกลางจะสอบถามความเห็นสมาชิก/ปชช. ก่อนเข้าไปอภิปราย/ออกเสียงในสภา “ปชช.ทุกคนเป็นนักการเมืองได้”'),('พลังเพื่อไทย','204','IMG91','เอกวรพงศ์','อำนวยทรัพย์','11-12-61','NULL'),('ประชาไทย','205','IMG92','บุญยงค์','จันทร์แสง','20-12-61','ก้าวข้ามความขัดแย้ง เชื่อมโยงใจ หลอมรวมไทยทั้งแผ่นดิน ความอยู่รอดประเทศไทยต้องมาก่อน หยุดอาฆาต | สหกรณ์แบ่งปันสร้างสรรค์วิถีไทย แผนพัฒนาอาชีพแห่งชาติตรงยุคสมัยคนไทยมีงานทำ 1 หมู่บ้าน 1 วิสาหกิจ | พลเมืองดีมีที่อยู่ที่ทำกิน ขจัดสิ้นคอร์รัปชัน ยาเสพติด ฟื้นฟูดูแลสิ่งแวดล้อม หยุดประชานิยม สอนคนให้ทำกิน | ลดเหลื่อมล้ำสร้างความเท่าเทียมในทุกด้านตั้งแต่ตั้งครรภ์จนถึงจากไปอย่างสงบอาชีวะจะสร้างชาติ เรียนฟรีมีเงินใช้ | อินเทอร์เน็ตทั่วทิศ กับชีวิตที่รอบรู้ โรงเรียนผู้สูงวัยใส่ใจความรู้ สุขกายสุขใจ เงินทองเหลือใช้ คลังความรู้สู่ชุมชน | ชีวิตปลอดภัย ใส่ใจสิ่งแวดล้อม พลังงานปลอดภัย สดใสสะอาด ใช้อย่างคุ้มค่า เทพบนฟ้าเทวดาบนดิน'),('กรีน','206','IMG93','พงศา','ชูแนม','20-12-61','ต้นไม้เป็นทรัพย์สิน : ออกกฎหมายรับรองต้นไม้ให้เป็นหลักทรัพย์โดยการออกบัตรคนรวย TAC ; tree asset card | ที่ทำกินถูกต้องเป็นธรรม : คือการออกมาตรการให้ที่ดินทำกินให้ชอบด้วยกฎหมายแก้ปัญหาคนในเขตป่า 17 ล้านคนด้วยแนวทางให้สิทธิสีเขียว right&green | เกษตรกรรมสุขภาพ : เพื่อคุ้มครองสิทธิเกษตรกรที่ผลิตอาหารสุขภาพให้มีความเท่าทัน ตามอุดมการณ์ ลดอำนาจรัฐ ตัดอำนาจทุน หนุนอำนาจประชาชน | สันติภาพยั่งยืน : การให้สภาประชาชนในโลกดิจิทัลตรวจสอบกำกับรัฐและทุน เช่นการใช้สมการราคากำกับสินค้าให้สัมพันธ์กับราคาพืชผล'),('พัฒนาประเทศไทย','207','IMG94','อติโรจ','บุญใย','20-12-61','ปลดหนี้กองทุนหมู่บ้าน โดยยกเลิกกองทุนหมู่บ้านไม่เก็บหนี้ที่สมาชิกค้างอยู่ | เพิ่มเงินผู้สูงอายุ (ปี) และคนพิการเป็น 3,600 บาท - 3,720 บาทต่อเดือน | โครงการเกษตรกรร่วมกับโรงสี ร่วมกันส่งออกรัฐบาลเป็นผู้หาตลาดและออร์เดอร์ | ลดราคาสินค้าอุปโภคบริโภคและสินค้าเพื่อการเกษตรทุกรายการโดยรัฐบาล จะลดภาษีให้ผู้ประกอบการ ผู้ประกอบการมีหน้าที่ลดราคาสินค้า | ยกเลิกโครงการ 30 บาท เป็นรักษาฟรี ไม่ต้องมีหนังสือส่งตัว ยาดี รักษาได้ทุกโรงพยาบาลของรัฐ'),('ฐานรากไทย','208','IMG95','ญาณวุฒิ','พรหมเดชากุล','25-12-61','การขจัดความยากจนของประชาชนผู้ยากไร้ ด้วยการสร้างงานจำนวนมาก นำมาออกแบบงานให้เกิดเป็นอาชีพต่างๆ ที่เป็นความจำเป็นพื้นฐานของประเทศ หรือเป็นงานที่ตลาดมีความต้องการ ทั้งตลาดเก่าและตลาดเกิดใหม่ เพื่อให้ประชาชนในแต่ละพื้นที่มีงานมีอาชีพอันเป็นพื้นฐานของรายได้ แทนการแจกเงินโดยตรง ขจัดอุปสรรคที่ทำให้ผู้ประกอบสัมมาอาชีวะด้วยความขยันขันแข็งพ้นจาก ความยากจน | กำจัดคนทุจริตทุกรูปแบบ ทั้งในราชการและเอกชนที่เอื้อต่อการผูกขาดตัดตอน เป็นการสมคบกันโกงประชาชน | การคุ้มครองประชาชนด้านการรักษาพยาบาลโรคร้ายแรง แทนการรักษาทุกโรคที่สิ้น'),('สามัญชน','209','IMG96','เลิศศักดิ์','คำคงศักดิ์','26-12-61','ลดความเหลื่อมล้ำสี่ด้าน คือ 1.ขจัดความเหลื่อมล้ำทางการเมือง โดยการ “กระจายอํานาจ ยกเลิกการบริหารจากสวนกลางสนับสนุนการปกครองส่วนท้องถิ่น สร้างพื้นที่ประชาชน ส่งเสริมเสรีภาพในการแสดงความคิดเห็น การเข้าถึงข้อมูลข่าวสารของภาครัฐ และสนับสนุนให้ประชาชนตัดสินอนาคตด้วยตนเอง”     2. ขจัดความเหลื่อมล้ำทางเศรษฐกิจและแรงงาน กระจายอำนาจการผลิต การประมงและการเกษตร ส่งเสริมการค้าที่เป็นธรรม ปกป้องพื้นที่ทำกิน และการจัดการที่ดินอย่างเป็นธรรม     3.ขจัดความเหลื่อมล้ำทางสังคม วัฒนธรรม และความรู้    4.ขจัดความเหลื่อมล้ำทางสิ่งแวดล้อม ผลักดันกฎหมายอากาศบริสุทธิ์ EIA และการตัดสินใจจากชุมชนต้องมาก่อน คำกล่าวอ้างที่เรียกว่า “การพัฒนาทางเศรษฐกิจ”'),('พลังครูไทย','210','IMG97','วิทธยา','บริบูรณ์ทรัพย์','02-01-62','ส่งเสริมและพัฒนาการศึกษาให้มีคุณภาพ บริการทั่วถึง หนึ่งครอบครัว หนึ่งปริญญาตรี | ส่งเสริมและพัฒนาด้านเศรษฐกิจ แรงงาน อุตสาหกรรม เกษตรกรรม คมนาคม ที่ดินทำกินให้ประชาชนอยู่ดีกินดี | จัดสวัสดิการให้ประชาชนดำรงชีพได้อย่างมีความสุข ดูแลผู้สูงอายุ และคนพิการเป็นพิเศษ | จัดให้มีบริการด้านสาธารณสุขให้กับประชาชนเท่าเทียมและทั่วถึง | ส่งเสริมการพัฒนาชุมชนในด้านสาธารณูปโภค ให้ประชาชนมีคุณภาพชีวิตที่ดีขึ้น | จัดบริการด้านเทคโนโลยีสารสนเทศทั่วถึง โดยไม่มีค่าใช้จ่าย | ปรับปรุงแก้ไขกฎหมายที่ไม่เป็นธรรมโดยเฉพาะอย่างยิ่งกฎหมายการศึกษา'),('ภาคีเครือข่ายไทย','211','IMG98','กฤษอนงค์','สุวรรณวงศ์','02-01-62','พลังเครือข่ายอาชีพ เพราะทุกอาชีพคือการสร้างสัมพันธ์เครือข่ายของตนให้เป็นหนึ่งเดียวและเป็นการรวมกำลัง เพื่อสร้างสรรค์และแก้ไข เพื่อพัฒนาในสิ่งที่อาชีพตนเองต้องการอย่างตรงเป้า ทำทั้งระบบ | มรดกพ่อ คือการสืบสานโครงการพ่อ ทำในสิ่งที่มีอยู่แล้ว และพัฒนาต่อให้ดียิ่งๆขึ้นไป พัฒนาและยกระดับการทำเกษตรกรรมและคุณภาพชีวิตเกษตรกรไทย เชื่อมวงจรให้เกิดประสิทธิภาพ และประโยชน์สูงสุดทุกฝ่าย | นวัตกรรมออนไลน์ไซเบอร์ มันไม่ใช่สิ่งใหม่ แต่มันคือ ส่วนหนึ่งในชีวิตของคนในแต่ละยุคนั้นๆ ดังนั้นเพื่อการอยู่อย่างเท่าทันปัจจุบัน ไม่ตกยุค'),('พลังไทยดี','212','IMG99','สาธุ','อนุโมทามิ','02-01-62','สร้างการปกครองแบบประชาธิปไตยที่เหมาะสมกับสภาพของประเทศชาติ | ปฏิวัติระบบสาธารณสุขไทย ทำให้คนไทยสุขภาพดี แข็งแรง ไม่เจ็บป่วยด้วย สสปช. | นโยบาย สปก. แผ่นดินทองคำ | ปฏิวัติการศึกษาชาติ ด้วยการศึกษานอกระบบด้วยนวัตกรรมออนไลน์ | อาสาสมัครประชาชนทุกคนมีรายได้ | วิถีชีวิต วิถีธรรม ยกระดับความสุขประชาชน | กองทุนพัฒนาชีวิตใหม่ ให้โอกาสคนไทยเข้าถึงแหล่งทุนทุกระดับ | แก้ปัญหาหนี้สิน กยศ. ด้วยการทำความดี ปลดหนี้ได้'),('เพื่อไทยพัฒนา','213','IMG100','อรอนงค์','บุญโต','02-01-62','เพิ่มรายได้ กระจายโอกาส ชาติมั่นคง เพิ่มรายได้ หนึ่งหมู่บ้าน หนึ่งเศรษฐกิจ หนึ่งตำบล หนึ่งแพทย์แผนไทย ส่งเสริมเศรษฐกิจชุมชนให้เข้มแข็ง เพิ่มทุน เพิ่มตลาด เพิ่มโอกาสการแข่งขัน ประกันราคาพืชผล ส่งเสริมเกษตรอินทรีย์ หนึ่งอำเภอ หนึ่งตลาดการเกษตร กระจายโอกาส กระจายการลงทุนและกระจายกิจกรรมระดับประเทศไปยังกลุ่มจังหวัด ชาติมั่นคง สร้างสังคมแห่งความสมานฉันท์และการเรียนรู้'),('พัฒนาชาติ','214','IMG101','ชนาธิป','ตามสมัย','23-01-62','NULL'),('คนงานไทย','215','IMG102','ธีระ','เจียบุญหยก','29-01-62','พรรคคนงานไทยเป็นพรรคที่ก่อตั้งขึ้นโดยกลุ่มคนที่จงรักภักดีต่อชาติ ศาสนา พระมหากษัตริย์ รัฐธรรมนูญเป็นทางเลือกใหม่แห่งความหวังของประชาชนชาวไทยทุกระดับ สร้างสรรค์การศึกษาสู่ประชาชาติ ไม่เป็นทาสสิ่งเสพติด พรรคคนงานไทยจะช่วยเหลือเกษตรกรให้มีพื้นที่เกษตรกรรมเป็นของตนเอง ปรับปรุงพื้นที่ทิ้งร้าง ผลักดันเกษตรแปรรูป ส่งเสริมการส่งออกสินค้าภาคเกษตรกรรม พรรคคนงานไทย จัดการแก้ไขปัญหาเรื่องแรงงานต่างด้าว ปราบปรามการค้ามนุษย์ พรรคคนงานไทย ต่อต้านการคอรัปชั่น มุ่งมั่นและปราบปรามการทุจริตทุกรูปแบบ');
/*!40000 ALTER TABLE `party` ENABLE KEYS */;
UNLOCK TABLES;

--
-- Table structure for table `subdistrict`
--

DROP TABLE IF EXISTS `subdistrict`;
/*!40101 SET @saved_cs_client     = @@character_set_client */;
 SET character_set_client = utf8mb4 ;
CREATE TABLE `subdistrict` (
  `ElecNo` int(11) DEFAULT NULL,
  `SubDisName` text,
  `DistrictName` text
) ENGINE=InnoDB DEFAULT CHARSET=utf8mb4 COLLATE=utf8mb4_0900_ai_ci;
/*!40101 SET character_set_client = @saved_cs_client */;

--
-- Dumping data for table `subdistrict`
--

LOCK TABLES `subdistrict` WRITE;
/*!40000 ALTER TABLE `subdistrict` DISABLE KEYS */;
INSERT INTO `subdistrict` VALUES (1,'พระบรมมหาราชวัง','พระนคร'),(1,'วังบูรพาภิรมย์','พระนคร'),(1,'วัดราชบพิธ','พระนคร'),(1,'สำราญราษฎร์','พระนคร'),(1,'ศาลเจ้าพ่อเสือ','พระนคร'),(1,'เสาชิงช้า','พระนคร'),(1,'บวรนิเวศ','พระนคร'),(1,'ตลาดยอด','พระนคร'),(1,'ชนะสงคราม','พระนคร'),(1,'บ้านพานถม','พระนคร'),(1,'บางขุนพรหม','พระนคร'),(1,'วัดสามพระยา','พระนคร'),(1,'ป้อมปราบ','ป้อมปราบศัตรูพ่าย '),(1,'วัดเทพศิรินทร์','ป้อมปราบศัตรูพ่าย '),(1,'คลองมหานาค','ป้อมปราบศัตรูพ่าย '),(1,'บ้านบาตร','ป้อมปราบศัตรูพ่าย '),(1,'วัดโสมนัส','ป้อมปราบศัตรูพ่าย '),(1,'จักรวรรดิ','สัมพันธวงศ์ '),(1,'สัมพันธวงศ์','สัมพันธวงศ์ '),(1,'ตลาดน้อย','สัมพันธวงศ์ '),(1,'ดุสิต','ดุสิต'),(1,'วชิรพยาบาล','ดุสิต'),(1,'สวนจิตรลดา','ดุสิต'),(1,'สี่แยกมหานาค','ดุสิต'),(2,'รองเมือง','ปทุมวัน'),(2,'วังใหม่','ปทุมวัน'),(2,'ปทุมวัน','ปทุมวัน'),(2,'ลุมพินี','ปทุมวัน'),(2,'แขวงมหาพฤฒาราม','บางรัก'),(2,'แขวงสีลม','บางรัก'),(2,'แขวงสุริยวงศ์','บางรัก'),(2,'แขวงบางรัก','บางรัก'),(2,'แขวงสี่พระยา','บางรัก'),(2,'แขวงทุ่งวัดดอน','สาทร'),(2,'แขวงยานนาวา','สาทร'),(2,'แขวงทุ่งมหาเมฆ','สาทร'),(3,'บางคอแหลม','บางคลองแหลม'),(3,'วัดพระยาไกร','บางคลองแหลม'),(3,'บางโคล่','บางคลองแหลม'),(3,'ช่องนนทรี','ยานาวา'),(3,'บางโพงพาง','ยานาวา'),(4,'คลองเตย','คลองเตย'),(4,'คลองตัน','คลองเตย'),(4,'พระโขนง','คลองเตย'),(4,'คลองเตยเหนือ','วัฒนา'),(4,'คลองตันเหนือ','วัฒนา'),(4,'พระโขนงเหนือ','วัฒนา'),(5,'ห้วยขวาง','ห้วยขวาง'),(5,'บางกะปิ','ห้วยขวาง'),(5,'สามเสนนอก','ห้วยขวาง'),(5,'ดินแดง','ดินแดง'),(5,'รัชดาภิเษก','ดินแดง'),(6,'ทุ่งพญาไท','ราชเทวี'),(6,'ถนนพญาไท','ราชเทวี'),(6,'ถนนเพชรบุรี','ราชเทวี'),(6,'มักกะสัน','ราชเทวี'),(6,'สามเสนใน','พญาไท'),(6,'พญาไท','พญาไท'),(6,'ลาดยาว','จตุจักร'),(6,'เสนานิคม','จตุจักร'),(6,'จันทรเกษม','จตุจักร'),(6,'จอมพล','จตุจักร'),(6,'จตุจักร','จตุจักร'),(7,'ถนนนครไชยศรี','ดุสิิต'),(7,'บางซื่อ','บางซื่อ'),(7,'วงศ์สว่าง','บางซื่อ'),(8,'ลาดพร้าว','ลาดพร้าว'),(8,'จรเข้บัว','ลาดพร้าว'),(8,'วังทองหลาง','วังทองหลาง'),(8,'สะพานสอง','วังทองหลาง'),(8,'คลองเจ้าคุณสิงห์','วังทองหลาง'),(9,'ทุ่งสองห้อง','หลักสี่'),(9,'ตลาดบางเขน','หลักสี่'),(9,'ลาดยาว','จตุจักร'),(9,'เสนานิคม','จตุจักร'),(9,'จันทรเกษม','จตุจักร'),(10,'สีกัน','ดอนเมือง'),(10,'ดอนเมือง','ดอนเมือง'),(10,'สนามบิน','ดอนเมือง'),(11,'สายไหม','สายไหม'),(11,'ออเงิน','สายไหม'),(11,'คลองถนน','สายไหม'),(12,'อนุสาวรีย์','บางเขน'),(12,'ท่าแร้ง','บางเขน'),(13,'พลับพลา','วังทองหลาง'),(13,'คลองจั่น','บางกะปิ'),(13,'หัวหมาก','บางกะปิ'),(14,'คลองกุ่ม','บึงกุ่ม'),(14,'นวมินทร์','บึงกุ่ม'),(14,'นวลจันทร์','บึงกุ่ม'),(14,'รามอินทรา','คันนายาว'),(15,'คันนายาว','คันนายาว'),(15,'มีนบุรี','มีนบุรี'),(15,'แสนแสบ','มีนบุรี'),(16,'สามวาตะวันตก','คลองสามวา'),(16,'สามวาตะวันออก','คลองสามวา'),(16,'บางชัน','คลองสามวา'),(16,'ทรายกองดิน','คลองสามวา'),(16,'ทรายกองดินใต้','คลองสามวา'),(17,'กระทุ่มราย','หนองจอก'),(17,'หนองจอก','หนองจอก'),(17,'คลองสิบ','หนองจอก'),(17,'คลองสิบสอง','หนองจอก'),(17,'โคกแฝด','หนองจอก'),(17,'คู้ฝั่งเหนือ','หนองจอก'),(17,'ลำผักชี','หนองจอก'),(17,'ลำต้อยติ่ง','หนองจอก'),(18,'ลาดกระบัง','ลาดกระบัง'),(18,'คลองสองต้นนุ่น','ลาดกระบัง'),(18,'คลองสามประเวศ','ลาดกระบัง'),(18,'ลำปลาทิว','ลาดกระบัง'),(18,'ทับยาว','ลาดกระบัง'),(18,'ขุมทอง','ลาดกระบัง'),(19,'สะพานสูง','สะพานสูง'),(19,'ราษฎร์พัฒนา','สะพานสูง'),(19,'ทับช้าง','สะพานสูง'),(19,'ประเวศ','ประเวศ'),(20,'หนองบอน','ประเวศ'),(20,'ดอกไม้','ประเวศ'),(20,'พัฒนาการ','สวนหลวง'),(20,'อ่อนนุช','สวนหลวง'),(20,'สวนหลวง','สวนหลวง'),(21,'บางนาเหนือ','บางนา'),(21,'บางนาใต้','บางนา'),(21,'บางจาก','พระโขนง'),(21,'พระโขนงใต้','พระโขนง'),(22,'วัดอรุณ','บางกอกใหญ่'),(22,'วัดท่าพระ','บางกอกใหญ่'),(22,'สมเด็จเจ้าพระยา ','คลองสาน'),(22,'คลองสาน ','คลองสาน'),(22,'บางลำภูล่าง ','คลองสาน'),(22,'คลองต้นไทร','คลองสาน'),(22,'วัดกัลยาณ์','ธนบุรี'),(22,'หิรัญรูจี','ธนบุรี'),(22,'บางยี่เรือ','ธนบุรี'),(22,'ตลาดพลู','ธนบุรี'),(23,'บุคคโล','ธนบุรี'),(23,'ดาวคะนอง','ธนบุรี'),(23,'สำเหร่','ธนบุรี'),(23,'บางขุนเทียน','จอมทอง'),(23,'บางค้อ','จอมทอง'),(23,'บางมด','จอมทอง'),(23,'จอมทอง','จอมทอง'),(24,'บางมด','ทุ่งครุ'),(24,'ทุ่งครุ','ทุ่งครุ'),(24,'ราษฎร์บูรณะ','ราษฎร์บูรณะ'),(24,'บางปะกอก','ราษฎร์บูรณะ'),(25,'ท่าข้าม','บางขุนเทียน'),(25,'แสมดำ','บางขุนเทียน'),(26,'บางบอนเหนือ','บางบอน'),(26,'บางบอนใต้','บางบอน'),(26,'คลองบางพราน','บางบอน'),(26,'คลองบางบอน','บางบอน'),(26,'หนองแขม','หนองแขม'),(27,'ทวีวัฒนา','ทวีวัฒนา'),(27,'ศาลาธรรมสพน์','ทวีวัฒนา'),(27,'หนองค้างพลู','หนองแขม'),(27,'ตลิ่งชัน','ตลิ่งชัน'),(27,'ฉิมพลี','ตลิ่งชัน'),(28,'บางแค','บางแค'),(28,'บางแคเหนือ','บางแค'),(28,'บางไผ่','บางแค'),(28,'หลักสอง','บางแค'),(29,'บางหว้า','ภาษีเจริญ'),(29,'บางด้วน','ภาษีเจริญ'),(29,'บางจาก','ภาษีเจริญ'),(29,'บางแวก','ภาษีเจริญ'),(29,'คลองขวาง','ภาษีเจริญ'),(29,'ปากคลองภาษีเจริญ','ภาษีเจริญ'),(29,'คูหาสวรรค์','ภาษีเจริญ'),(29,'บางพรม','ตลิ่งชัน'),(29,'บางระมาด','ตลิ่งชัน'),(29,'บางเชือกหนัง','ตลิ่งชัน'),(29,'ศาลาธรรมสพน์','ตลิ่งชัน'),(30,'ศิริราช','บางกอกน้อย'),(30,'บ้านช่างหล่อ','บางกอกน้อย'),(30,'บางขุนนนท์','บางกอกน้อย'),(30,'บางขุนศรี','บางกอกน้อย'),(30,'อรุณอมรินทร์','บางกอกน้อย'),(30,'บางพลัด','บางพลัด'),(30,'บางอ้อ','บางพลัด'),(30,'บางบำหรุ','บางพลัด'),(30,'บางยี่ขัน','บางพลัด');
/*!40000 ALTER TABLE `subdistrict` ENABLE KEYS */;
UNLOCK TABLES;
/*!40103 SET TIME_ZONE=@OLD_TIME_ZONE */;

/*!40101 SET SQL_MODE=@OLD_SQL_MODE */;
/*!40014 SET FOREIGN_KEY_CHECKS=@OLD_FOREIGN_KEY_CHECKS */;
/*!40014 SET UNIQUE_CHECKS=@OLD_UNIQUE_CHECKS */;
/*!40101 SET CHARACTER_SET_CLIENT=@OLD_CHARACTER_SET_CLIENT */;
/*!40101 SET CHARACTER_SET_RESULTS=@OLD_CHARACTER_SET_RESULTS */;
/*!40101 SET COLLATION_CONNECTION=@OLD_COLLATION_CONNECTION */;
/*!40111 SET SQL_NOTES=@OLD_SQL_NOTES */;

-- Dump completed on 2019-04-30 12:50:08
